<module uid="258018fc-0000-00ba-0000-000000000000" name="CxxDesigner" class="com.modeliosoft.modelio.cxxdesigner.impl.CxxDesignerMdac" version = "3.1.03.8020" binaryversion = "2.2.00.8020" licenseRequired = "true">
  <classpath>
      <entry path = "lib/CxxDesigner.jar"/>
      <entry path = "lib/libauthm.jar"/>
  </classpath>
  <docpath>
      <entry path = "doc/com.modeliosoft.modelio.documentation.cxxdesigner.jar"/>
  </docpath>
  <profile uid="8549f7ee-5c29-11df-ae23-00137279a5d1" name="CLI" >
      <anonymous-stereotype uid="e74a3fc2-5c39-11df-ae23-00137279a5d1"  metaclass="Operation" >
              <taggedvalues uid="ec732382-5c39-11df-ae23-00137279a5d1" name="Cxx.CLI.NewOperation" label="CLI New" parameter-card="0" is-hidden="false" is-signed="false" />
              <taggedvalues uid="6c85fcc6-d154-11df-887b-002564c97630" name="Cxx.CLI.OverrideOperation" label="CLI Override" parameter-card="0" is-hidden="false" is-signed="false" />
      </anonymous-stereotype>
      <anonymous-stereotype uid="05de36bb-b1f1-11df-9985-002564c97630"  metaclass="ModelElement" >
              <notetype uid="859fce23-5c29-11df-ae23-00137279a5d1" name="Cxx.CLI.Attribute" label="CLI Attributes" is-hidden="false" />
      </anonymous-stereotype>
      <stereotype uid="859fce24-5c29-11df-ae23-00137279a5d1" name="Cxx.CLI.Attribute" label="CLI Attribute" metaclass="Class" owner-stereotype="CxxClass"  is-hidden="false">
          <icons>
              <small path="" />
              <explorer path="" />
              <diagram path="" />
          </icons>
              <taggedvalues uid="859fce25-5c29-11df-ae23-00137279a5d1" name="Cxx.CLI.Attribute.AllowMultiple" label="Allow Multiple" parameter-card="0" is-hidden="false" is-signed="false" />
              <taggedvalues uid="859fce26-5c29-11df-ae23-00137279a5d1" name="Cxx.CLI.Attribute.Targets" label="Targets" parameter-card="*" is-hidden="false" is-signed="false" />
              <taggedvalues uid="859fce27-5c29-11df-ae23-00137279a5d1" name="Cxx.CLI.Attribute.Inherited" label="Inherited" parameter-card="0" is-hidden="false" is-signed="false" />
      </stereotype>
      <stereotype uid="8555e3e7-5c29-11df-ae23-00137279a5d1" name="Cxx.CLI.Class" label="CLI Class" metaclass="Class" owner-stereotype="CxxClass"  is-hidden="false">
          <icons>
              <small path="" />
              <explorer path="res/bmp/cliclass.png" />
              <diagram path="" />
          </icons>
              <taggedvalues uid="859b0958-5c29-11df-ae23-00137279a5d1" name="Cxx.CLI.Visibility" label="Visibility" parameter-card="1" is-hidden="false" is-signed="false" />
      </stereotype>
      <stereotype uid="859fce2e-5c29-11df-ae23-00137279a5d1" name="Cxx.CLI.Delegate" label="CLI Delegate" metaclass="Operation" is-hidden="false">
          <icons>
              <small path="" />
              <explorer path="res/bmp/delegate.png" />
              <diagram path="" />
          </icons>
      </stereotype>
      <stereotype uid="859fce29-5c29-11df-ae23-00137279a5d1" name="Cxx.CLI.DelegateContainer" label="CLI Delegate Container" metaclass="Class" owner-stereotype="Cxx.CLI.Class"  is-hidden="false">
          <icons>
              <small path="" />
              <explorer path="res/bmp/delegatecontainer.png" />
              <diagram path="" />
          </icons>
      </stereotype>
      <stereotype uid="859fce2b-5c29-11df-ae23-00137279a5d1" name="Cxx.CLI.Enumeration" label="CLI Enumeration" metaclass="Enumeration" owner-stereotype="CxxEnumeration"  is-hidden="false">
          <icons>
              <small path="" />
              <explorer path="res/bmp/clienumeration.png" />
              <diagram path="" />
          </icons>
              <taggedvalues uid="859fce2c-5c29-11df-ae23-00137279a5d1" name="Cxx.CLI.EnumerationType" label="Enumeration Type" parameter-card="1" is-hidden="false" is-signed="false" />
              <taggedvalues uid="d87342de-d218-11df-887b-002564c97630" name="Cxx.Struct" label="Is a structure" parameter-card="0" is-hidden="false" is-signed="false" />
      </stereotype>
      <stereotype uid="859fce30-5c29-11df-ae23-00137279a5d1" name="Cxx.CLI.Event" label="CLI Event" metaclass="Signal" is-hidden="false">
          <icons>
              <small path="" />
              <explorer path="res/bmp/event.png" />
              <diagram path="" />
          </icons>
              <notetype uid="fdebec54-5c4d-11df-ae23-00137279a5d1" name="Cxx.CLI.Event.EventBlock" label="Event block" is-hidden="false" />
              <taggedvalues uid="bf34d7d9-5cd1-11df-ae23-00137279a5d1" name="Cxx.CLI.StaticEvent" label="Static event" parameter-card="0" is-hidden="false" is-signed="false" />
              <taggedvalues uid="ded2dde2-bcd4-11df-ac42-002564c97630" name="Cxx.CLI.Visibility" label="Visibility" parameter-card="1" is-hidden="false" is-signed="false" />
      </stereotype>
      <stereotype uid="859fce2a-5c29-11df-ae23-00137279a5d1" name="Cxx.CLI.Indexer" label="CLI Indexer" metaclass="Class" owner-stereotype="Cxx.CLI.Class"  is-hidden="false">
          <icons>
              <small path="" />
              <explorer path="res/bmp/indexer.png" />
              <diagram path="" />
          </icons>
      </stereotype>
      <stereotype uid="859fce2d-5c29-11df-ae23-00137279a5d1" name="Cxx.CLI.Interface" label="CLI Interface" metaclass="Interface" owner-stereotype="CxxInterface"  is-hidden="false">
          <icons>
              <small path="" />
              <explorer path="res/bmp/cliinterface.png" />
              <diagram path="" />
          </icons>
              <taggedvalues uid="2159a26e-d218-11df-887b-002564c97630" name="Cxx.Struct" label="Is a structure" parameter-card="0" is-hidden="false" is-signed="false" />
      </stereotype>
      <stereotype uid="85538182-5c29-11df-ae23-00137279a5d1" name="Cxx.CLI.Package" label="CLI Package" metaclass="Package" owner-stereotype="CxxPackage"  is-hidden="false">
          <icons>
              <small path="" />
              <explorer path="res/bmp/clipackage.png" />
              <diagram path="" />
          </icons>
      </stereotype>
      <stereotype uid="859fce28-5c29-11df-ae23-00137279a5d1" name="Cxx.CLI.AssociationEndProperty" label="CLI Property" metaclass="AssociationEnd" is-hidden="false">
          <icons>
              <small path="" />
              <explorer path="res/bmp/assoc_property.png" />
              <diagram path="" />
          </icons>
              <notetype uid="0bb20b65-64b7-11df-8a43-00137279a5d1" name="Cxx.CLI.GetterCode" label="Getter code" is-hidden="false" />
              <notetype uid="0f1383d8-64b7-11df-8a43-00137279a5d1" name="Cxx.CLI.SetterCode" label="Setter code" is-hidden="false" />
              <taggedvalues uid="12408864-64b7-11df-8a43-00137279a5d1" name="Cxx.CLI.GetterVisibility" label="Getter visibility" parameter-card="1" is-hidden="false" is-signed="false" />
              <taggedvalues uid="1470d2d8-64b7-11df-8a43-00137279a5d1" name="Cxx.CLI.SetterVisibility" label="Setter visibility" parameter-card="1" is-hidden="false" is-signed="false" />
              <taggedvalues uid="40bdc17d-64dc-11df-bc83-00137279a5d1" name="Cxx.CLI.Abstract" label="Abstract" parameter-card="0" is-hidden="false" is-signed="false" />
              <taggedvalues uid="40bdc17e-64dc-11df-bc83-00137279a5d1" name="Cxx.CLI.Sealed" label="Sealed" parameter-card="0" is-hidden="false" is-signed="false" />
              <taggedvalues uid="40bdc17f-64dc-11df-bc83-00137279a5d1" name="Cxx.CLI.Override" label="Override" parameter-card="0" is-hidden="false" is-signed="false" />
              <taggedvalues uid="100fb1d1-bcd5-11df-ac42-002564c97630" name="Cxx.CLI.Virtual" label="Virtual" parameter-card="0" is-hidden="false" is-signed="false" />
      </stereotype>
      <stereotype uid="ec8ab627-63e9-11df-b55a-00137279a5d1" name="Cxx.CLI.AttributeProperty" label="CLI Property" metaclass="Attribute" is-hidden="false">
          <icons>
              <small path="" />
              <explorer path="res/bmp/attribute_property.png" />
              <diagram path="" />
          </icons>
              <notetype uid="e394b1a3-64b7-11df-8a43-00137279a5d1" name="Cxx.CLI.GetterCode" label="Getter code" is-hidden="false" />
              <notetype uid="e394b1a5-64b7-11df-8a43-00137279a5d1" name="Cxx.CLI.SetterCode" label="Setter code" is-hidden="false" />
              <taggedvalues uid="e394b1a6-64b7-11df-8a43-00137279a5d1" name="Cxx.CLI.GetterVisibility" label="Getter visibility" parameter-card="1" is-hidden="false" is-signed="false" />
              <taggedvalues uid="e394b1a4-64b7-11df-8a43-00137279a5d1" name="Cxx.CLI.SetterVisibility" label="Setter visibility" parameter-card="1" is-hidden="false" is-signed="false" />
              <taggedvalues uid="3474da90-64dc-11df-bc83-00137279a5d1" name="Cxx.CLI.Abstract" label="Abstract" parameter-card="0" is-hidden="false" is-signed="false" />
              <taggedvalues uid="3998fddf-64dc-11df-bc83-00137279a5d1" name="Cxx.CLI.Sealed" label="Sealed" parameter-card="0" is-hidden="false" is-signed="false" />
              <taggedvalues uid="39e54a1f-64dc-11df-bc83-00137279a5d1" name="Cxx.CLI.Override" label="Override" parameter-card="0" is-hidden="false" is-signed="false" />
              <taggedvalues uid="0703c0a9-bcf0-11df-ac42-002564c97630" name="Cxx.CLI.Virtual" label="Virtual" parameter-card="0" is-hidden="false" is-signed="false" />
      </stereotype>
      <stereotype uid="859fce2f-5c29-11df-ae23-00137279a5d1" name="Cxx.CLI.StaticConstructor" label="CLI Static Constructor" metaclass="Operation" is-hidden="false">
          <icons>
              <small path="" />
              <explorer path="" />
              <diagram path="" />
          </icons>
      </stereotype>
      <stereotype uid="85a23087-5c29-11df-ae23-00137279a5d1" name="Cxx.CLI.TemplateParameter" label="CLI Template Parameter" metaclass="TemplateParameter" is-hidden="false">
          <icons>
              <small path="" />
              <explorer path="" />
              <diagram path="" />
          </icons>
              <taggedvalues uid="85a23088-5c29-11df-ae23-00137279a5d1" name="Cxx.CLI.ConstraintClause" label="Constraint Clause" parameter-card="1" is-hidden="false" is-signed="false" />
      </stereotype>
  </profile>
  <profile uid="d695d3fb-85be-11df-84a1-002564c97630" name="Cxx" >
      <anonymous-stereotype uid="01d00298-0000-0004-0000-000000000000"  metaclass="Attribute" >
              <taggedvalues uid="01ec01a8-0000-1f18-0000-000000000000" name="Cxx.BasicType" label="Basic Type" parameter-card="1" is-hidden="false" is-signed="false" />
      </anonymous-stereotype>
      <anonymous-stereotype uid="01d0081c-0000-1baa-0000-000000000000"  metaclass="GeneralClass" >
              <notetype uid="01d002e8-0000-00af-0000-000000000000" name="Cxx.Class.Member.Private" label="Private members" is-hidden="false" />
              <notetype uid="01d002e8-0000-00aa-0000-000000000000" name="Cxx.Class.Member.Protected" label="Protected members" is-hidden="false" />
              <notetype uid="01d002e8-0000-00a5-0000-000000000000" name="Cxx.Class.Member.Public" label="Public members" is-hidden="false" />
              <taggedvalues uid="01d002e8-0000-00be-0000-000000000000" name="Cxx.Class.Extends" label="Extends" parameter-card="*" is-hidden="false" is-signed="false" />
      </anonymous-stereotype>
      <anonymous-stereotype uid="01d001e0-0000-008a-0000-000000000000"  metaclass="Generalization" >
              <taggedvalues uid="01d001e0-0000-00d3-0000-000000000000" name="Cxx.Generalization.ParentVisibility" label="Parent visibility" parameter-card="1" is-hidden="false" is-signed="false" />
              <taggedvalues uid="01d001e0-0000-00d8-0000-000000000000" name="Cxx.Generalization.Virtual" label="Is virtual" parameter-card="0" is-hidden="false" is-signed="false" />
      </anonymous-stereotype>
      <anonymous-stereotype uid="01d400bc-0000-0054-0000-000000000000"  metaclass="ModelElement" >
              <notetype uid="01d80638-0000-023b-0000-000000000000" name="Cxx.Body.Bottom" label="Body bottom" is-hidden="false" />
              <notetype uid="01d80638-0000-0236-0000-000000000000" name="Cxx.Body.Top" label="Body top" is-hidden="false" />
              <notetype uid="01d001c0-0000-0135-0000-000000000000" name="Cxx.Code" label="C++ Code" is-hidden="false" />
              <notetype uid="01d002e8-0000-0040-0000-000000000000" name="Cxx.Doc.Doxygen" label="Doxygen documentation" is-hidden="false" />
              <notetype uid="01d001b0-0000-0038-0000-000000000000" name="Cxx.Header.Bottom" label="Header bottom" is-hidden="false" />
              <notetype uid="01d001b0-0000-0033-0000-000000000000" name="Cxx.Header.Top" label="Header top" is-hidden="false" />
              <notetype uid="00c80358-0000-030b-0000-000000000000" name="Cxx.Use.Body" label="Body uses" is-hidden="false" />
              <notetype uid="00c80358-0000-0306-0000-000000000000" name="Cxx.Use.Header" label="Header uses" is-hidden="false" />
              <notetype uid="01d006e8-0000-057f-0000-000000000000" name="Cxx.Value" label="Default value" is-hidden="false" />
              <taggedvalues uid="01d002e8-0000-0068-0000-000000000000" name="Cxx.Bind" label="Bind" parameter-card="*" is-hidden="false" is-signed="false" />
              <taggedvalues uid="01d00200-0000-0104-0000-000000000000" name="Cxx.Container" label="Container" parameter-card="*" is-hidden="false" is-signed="false" />
              <taggedvalues uid="01d00200-0000-0109-0000-000000000000" name="Cxx.Container.Pointer" label="Container pointer" parameter-card="1" is-hidden="false" is-signed="false" />
              <taggedvalues uid="01d80638-0000-03a5-0000-000000000000" name="Cxx.Container.Specifier" label="Container specifiers" parameter-card="*" is-hidden="false" is-signed="false" />
              <taggedvalues uid="00c80358-0000-0310-0000-000000000000" name="Cxx.Decoration.NoAuto" label="" parameter-card="0" is-hidden="true" is-signed="false" />
              <taggedvalues uid="01d001e0-0000-00cd-0000-000000000000" name="Cxx.GenFullName" label="Generate full name" parameter-card="0" is-hidden="false" is-signed="false" />
              <taggedvalues uid="00c80358-0000-0315-0000-000000000000" name="Cxx.LastGenerated" label="" parameter-card="2" is-hidden="true" is-signed="false" />
              <taggedvalues uid="01d002e8-0000-0059-0000-000000000000" name="Cxx.Lib" label="Library" parameter-card="*" is-hidden="false" is-signed="false" />
              <taggedvalues uid="01d002e8-0000-005e-0000-000000000000" name="Cxx.Lib.ImportTypes" label="Import type from library" parameter-card="*" is-hidden="false" is-signed="false" />
              <taggedvalues uid="01d400bc-0000-0135-0000-000000000000" name="Cxx.Name" label="C++ Name" parameter-card="1" is-hidden="false" is-signed="false" />
              <taggedvalues uid="01d002e8-0000-0054-0000-000000000000" name="Cxx.NoCode" label="Do not generate" parameter-card="0" is-hidden="false" is-signed="false" />
              <taggedvalues uid="01d00200-0000-00ff-0000-000000000000" name="Cxx.Pointer" label="Pointer" parameter-card="1" is-hidden="false" is-signed="false" />
              <taggedvalues uid="01d00200-0000-010e-0000-000000000000" name="Cxx.Specifier" label="Specifiers" parameter-card="*" is-hidden="false" is-signed="false" />
              <taggedvalues uid="01d002e8-0000-009f-0000-000000000000" name="Cxx.TypeExpr" label="Manual declaration" parameter-card="1" is-hidden="false" is-signed="false" />
              <taggedvalues uid="01d002e8-0000-004a-0000-000000000000" name="Cxx.Use.Class" label="Use class" parameter-card="*" is-hidden="false" is-signed="false" />
              <taggedvalues uid="01d002e8-0000-0045-0000-000000000000" name="Cxx.Use.Package" label="Use package" parameter-card="*" is-hidden="false" is-signed="false" />
      </anonymous-stereotype>
      <anonymous-stereotype uid="00c80358-0007-1568-0000-000000000000"  metaclass="NameSpace" >
              <taggedvalues uid="00c80358-0007-16de-0000-000000000000" name="Cxx.Dirty" label="" parameter-card="0" is-hidden="true" is-signed="false" />
      </anonymous-stereotype>
      <anonymous-stereotype uid="01d002a8-0000-0003-0000-000000000000"  metaclass="Operation" >
              <notetype uid="00c80358-0003-07b7-0000-000000000000" name="Cxx.DefaultImplementation" label="Default implementation" is-hidden="true" />
              <notetype uid="01d002e8-0000-0102-0000-000000000000" name="Cxx.Operation.Constructor.Base" label="Constructor Base" is-hidden="false" />
              <notetype uid="00c80358-0000-032e-0000-000000000000" name="Cxx.Operation.Postcondition" label="Postcondition" is-hidden="false" />
              <notetype uid="00c80358-0000-0329-0000-000000000000" name="Cxx.Operation.Precondition" label="Precondition" is-hidden="false" />
              <notetype uid="01d002e8-0000-0107-0000-000000000000" name="Cxx.Operation.Returned" label="Returned" is-hidden="false" />
              <taggedvalues uid="01d002e8-0000-010c-0000-000000000000" name="Cxx.Operation.Disposition" label="Is inline" parameter-card="1" is-hidden="false" is-signed="false" />
              <taggedvalues uid="01d002e8-0000-0116-0000-000000000000" name="Cxx.Operation.Explicit" label="Is explicit" parameter-card="0" is-hidden="false" is-signed="false" />
              <taggedvalues uid="01d002e8-0000-0111-0000-000000000000" name="Cxx.Operation.Throws" label="Throws" parameter-card="*" is-hidden="false" is-signed="false" />
              <taggedvalues uid="00c80358-0002-c572-0000-000000000000" name="Cxx.TypeExpr.Body" label="Content declaration" parameter-card="1" is-hidden="false" is-signed="false" />
      </anonymous-stereotype>
      <anonymous-stereotype uid="01d800dc-0000-03b9-0000-000000000000"  metaclass="Element" >
              <taggedvalues uid="01d8045c-0000-04d5-0000-000000000000" name="Cxx.UserData" label="" parameter-card="*" is-hidden="true" is-signed="false" />
      </anonymous-stereotype>
      <stereotype uid="01d002e8-0000-0128-0000-000000000000" name="Cxx.CastOperator" label="Cast Operator" metaclass="Operation" owner-stereotype="Cxx.Operator"  is-hidden="false">
          <icons>
              <small path="" />
              <explorer path="" />
              <diagram path="" />
          </icons>
      </stereotype>
      <stereotype uid="00c80358-0000-033f-0000-000000000000" name="Cxx.FileGroup" label="FileGroup" metaclass="Dependency" is-hidden="false">
          <icons>
              <small path="" />
              <explorer path="" />
              <diagram path="" />
          </icons>
      </stereotype>
      <stereotype uid="01d002e8-0000-0123-0000-000000000000" name="Cxx.Operator" label="Operator" metaclass="Operation" is-hidden="false">
          <icons>
              <small path="" />
              <explorer path="" />
              <diagram path="" />
          </icons>
      </stereotype>
      <stereotype uid="00c80358-0000-0344-0000-000000000000" name="Cxx.PatternDependency" label="PatternDependency" metaclass="Dependency" is-hidden="true">
          <icons>
              <small path="" />
              <explorer path="" />
              <diagram path="" />
          </icons>
              <taggedvalues uid="00c80358-0000-034c-0000-000000000000" name="Cxx.Pattern" label="Pattern" parameter-card="*" is-hidden="true" is-signed="false" />
      </stereotype>
      <stereotype uid="00c80358-0000-033a-0000-000000000000" name="Cxx.Specialization" label="Specialization" metaclass="Dependency" is-hidden="false">
          <icons>
              <small path="" />
              <explorer path="" />
              <diagram path="" />
          </icons>
      </stereotype>
      <stereotype uid="00c80358-0000-0335-0000-000000000000" name="Cxx.Throws" label="Throws" metaclass="Dependency" is-hidden="false">
          <icons>
              <small path="" />
              <explorer path="" />
              <diagram path="" />
          </icons>
      </stereotype>
      <stereotype uid="960c5660-1c95-11df-9c79-0019b95c085c" name="CxxClass" label="C++ Class" metaclass="Class" is-hidden="false">
          <icons>
              <small path="" />
              <explorer path="res/bmp/cxxclass.png" />
              <diagram path="" />
          </icons>
              <notetype uid="01d002e8-0000-00b4-0000-000000000000" name="Cxx.Class.CopyConstructor.Code" label="Copy constructor code" is-hidden="false" />
              <notetype uid="01d002e8-0000-00b9-0000-000000000000" name="Cxx.Class.Destructor.Code" label="Destructor code" is-hidden="false" />
              <taggedvalues uid="01d002e8-0000-00c3-0000-000000000000" name="Cxx.Class.Friend" label="Friend" parameter-card="*" is-hidden="false" is-signed="false" />
              <taggedvalues uid="01d0068c-0000-0074-0000-000000000000" name="Cxx.ClassTemplate.Instantiate" label="Instanciation parameters" parameter-card="*" is-hidden="false" is-signed="false" />
              <taggedvalues uid="01d002e8-0000-00cd-0000-000000000000" name="Cxx.Struct" label="Is a structure" parameter-card="0" is-hidden="false" is-signed="false" />
              <taggedvalues uid="01ec01a8-0000-0bd7-0000-000000000000" name="Cxx.Union" label="Is an union" parameter-card="0" is-hidden="false" is-signed="false" />
              <taggedvalues uid="859fce22-5c29-11df-ae23-00137279a5d1" name="Cxx.DeclarationSpecifier" label="Declaration Specifier" parameter-card="1" is-hidden="false" is-signed="false" />
      </stereotype>
      <stereotype uid="9b6c033a-1c95-11df-9c79-0019b95c085c" name="CxxPackage" label="C++ Package" metaclass="Package" is-hidden="false">
          <icons>
              <small path="" />
              <explorer path="res/bmp/cxxpackage.png" />
              <diagram path="" />
          </icons>
              <notetype uid="01d002e8-0000-0072-0000-000000000000" name="Cxx.Body.NamespaceMember" label="Body namespace member" is-hidden="false" />
              <notetype uid="01d002e8-0000-006d-0000-000000000000" name="Cxx.Header.NamespaceMember" label="Header namespace member" is-hidden="false" />
              <taggedvalues uid="01d002e8-0000-0077-0000-000000000000" name="Cxx.Package.Alias" label="Alias" parameter-card="1" is-hidden="true" is-signed="false" />
              <taggedvalues uid="00c80358-0000-031f-0000-000000000000" name="Cxx.Package.DirectoryName" label="Directory name" parameter-card="1" is-hidden="false" is-signed="false" />
              <taggedvalues uid="01d002e8-0000-0081-0000-000000000000" name="Cxx.Package.GenInterface" label="Generate interface" parameter-card="0" is-hidden="false" is-signed="false" />
              <taggedvalues uid="00c80358-0000-031a-0000-000000000000" name="Cxx.Package.NoDirectory" label="No directory" parameter-card="0" is-hidden="false" is-signed="false" />
              <taggedvalues uid="01d002e8-0000-007c-0000-000000000000" name="Cxx.Package.NoNamespace" label="No namespace" parameter-card="0" is-hidden="false" is-signed="false" />
      </stereotype>
      <stereotype uid="afc3130a-1c95-11df-9c79-0019b95c085c" name="CxxInterface" label="C++ Interface" metaclass="Interface" is-hidden="false">
          <icons>
              <small path="" />
              <explorer path="res/bmp/cxxinterface.png" />
              <diagram path="" />
          </icons>
      </stereotype>
      <stereotype uid="b9d6c36e-1c95-11df-9c79-0019b95c085c" name="CxxEnumeration" label="C++ Enumeration" metaclass="Enumeration" is-hidden="false">
          <icons>
              <small path="" />
              <explorer path="res/bmp/cxxenumeration.png" />
              <diagram path="" />
          </icons>
      </stereotype>
      <stereotype uid="c123f70e-1c95-11df-9c79-0019b95c085c" name="CxxDataType" label="C++ DataType" metaclass="DataType" is-hidden="false">
          <icons>
              <small path="" />
              <explorer path="res/bmp/cxxdatatype.png" />
              <diagram path="" />
          </icons>
              <taggedvalues uid="00c80358-0001-dafc-0000-000000000000" name="Cxx.DataType.Anonymous" label="Is anonymous" parameter-card="0" is-hidden="false" is-signed="false" />
      </stereotype>
      <stereotype uid="bb55cce7-72de-11df-bf44-002564c97630" name="Cxx.Accessor" label="Accessor" metaclass="Operation" is-hidden="false">
          <icons>
              <small path="" />
              <explorer path="" />
              <diagram path="" />
          </icons>
      </stereotype>
      <stereotype uid="ae08a0f4-89a9-11df-a3a6-002564c97630" name="Cxx.External" label="External" metaclass="ModelElement" is-hidden="false">
          <icons>
              <small path="" />
              <explorer path="" />
              <diagram path="" />
          </icons>
              <taggedvalues uid="b108235c-89a9-11df-a3a6-002564c97630" name="Cxx.GenerateHeaderFile" label="Generate header file" parameter-card="0" is-hidden="false" is-signed="false" />
              <taggedvalues uid="b8956849-89a9-11df-a3a6-002564c97630" name="Cxx.IncludePath" label="Include paths" parameter-card="*" is-hidden="false" is-signed="false" />
      </stereotype>
  </profile>
  <profile uid="fe2d055a-85be-11df-84a1-002564c97630" name="CxxLegacy" >
      <anonymous-stereotype uid="25801af8-0000-0041-0000-000000000000"  metaclass="AssociationEnd" >
              <notetype uid="25801a38-0000-38cf-0000-000000000000" name="C++" label="" is-hidden="true" />
              <notetype uid="25801a38-0000-38c0-0000-000000000000" name="C++AccessDecl" label="" is-hidden="true" />
              <notetype uid="25801a38-0000-38c5-0000-000000000000" name="C++AccessDef" label="" is-hidden="true" />
              <notetype uid="25801a38-0000-38ca-0000-000000000000" name="C++Doxygen" label="" is-hidden="true" />
              <taggedvalues uid="25801a38-0000-38ed-0000-000000000000" name="&#38;" label="" parameter-card="0" is-hidden="true" is-signed="false" />
              <taggedvalues uid="25801a38-0000-38f7-0000-000000000000" name="*" label="" parameter-card="0" is-hidden="true" is-signed="false" />
              <taggedvalues uid="25801a38-0000-391a-0000-000000000000" name="C++ArrayDimension" label="" parameter-card="1" is-hidden="true" is-signed="false" />
              <taggedvalues uid="25801a38-0000-3910-0000-000000000000" name="C++Volatile" label="" parameter-card="0" is-hidden="true" is-signed="false" />
              <taggedvalues uid="25801a38-0000-391f-0000-000000000000" name="access" label="" parameter-card="0" is-hidden="true" is-signed="false" />
              <taggedvalues uid="25801a38-0000-3924-0000-000000000000" name="array" label="" parameter-card="0" is-hidden="true" is-signed="false" />
              <taggedvalues uid="25801a38-0000-3915-0000-000000000000" name="bind" label="" parameter-card="*" is-hidden="true" is-signed="false" />
              <taggedvalues uid="25801a38-0000-38f2-0000-000000000000" name="const" label="" parameter-card="0" is-hidden="true" is-signed="false" />
              <taggedvalues uid="25801a38-0000-38d9-0000-000000000000" name="create" label="" parameter-card="0" is-hidden="true" is-signed="false" />
              <taggedvalues uid="25801a38-0000-3929-0000-000000000000" name="fullaccess" label="" parameter-card="0" is-hidden="true" is-signed="false" />
              <taggedvalues uid="25801a38-0000-38d4-0000-000000000000" name="generic" label="" parameter-card="*" is-hidden="true" is-signed="false" />
              <taggedvalues uid="25801a38-0000-3906-0000-000000000000" name="instanceHandling" label="" parameter-card="*" is-hidden="true" is-signed="false" />
              <taggedvalues uid="25801a38-0000-3901-0000-000000000000" name="mutable" label="" parameter-card="0" is-hidden="true" is-signed="false" />
              <taggedvalues uid="25801a38-0000-38e3-0000-000000000000" name="noInline" label="" parameter-card="0" is-hidden="true" is-signed="false" />
              <taggedvalues uid="25801a38-0000-38fc-0000-000000000000" name="noinit" label="" parameter-card="0" is-hidden="true" is-signed="false" />
              <taggedvalues uid="25801a38-0000-38de-0000-000000000000" name="own" label="" parameter-card="0" is-hidden="true" is-signed="false" />
              <taggedvalues uid="25801a38-0000-390b-0000-000000000000" name="public" label="" parameter-card="0" is-hidden="true" is-signed="false" />
              <taggedvalues uid="25801a38-0000-38e8-0000-000000000000" name="virtual" label="" parameter-card="0" is-hidden="true" is-signed="false" />
              <taggedvalues uid="01d002e8-0000-00f7-0000-000000000000" name="Cxx.AssociationEnd.CopyBehavior" label="" parameter-card="1" is-hidden="true" is-signed="false" />
              <taggedvalues uid="01d002e8-0000-00fc-0000-000000000000" name="Cxx.AssociationEnd.DestroyBehavior" label="" parameter-card="1" is-hidden="true" is-signed="false" />
      </anonymous-stereotype>
      <anonymous-stereotype uid="25801af8-0000-01cf-0000-000000000000"  metaclass="Attribute" >
              <notetype uid="25801a38-0000-3948-0000-000000000000" name="C++" label="" is-hidden="true" />
              <notetype uid="25801a38-0000-392f-0000-000000000000" name="C++AccessDecl" label="" is-hidden="true" />
              <notetype uid="25801a38-0000-3934-0000-000000000000" name="C++AccessDef" label="" is-hidden="true" />
              <notetype uid="25801a38-0000-3943-0000-000000000000" name="C++Doxygen" label="" is-hidden="true" />
              <notetype uid="25801a38-0000-3939-0000-000000000000" name="C++TypeExpr" label="" is-hidden="true" />
              <notetype uid="25801a38-0000-393e-0000-000000000000" name="C++Value" label="" is-hidden="true" />
              <taggedvalues uid="25801a38-0000-3970-0000-000000000000" name="&#38;" label="" parameter-card="0" is-hidden="true" is-signed="false" />
              <taggedvalues uid="25801a38-0000-396b-0000-000000000000" name="*" label="" parameter-card="0" is-hidden="true" is-signed="false" />
              <taggedvalues uid="25801a38-0000-39ac-0000-000000000000" name="C++ArrayDimension" label="" parameter-card="1" is-hidden="true" is-signed="false" />
              <taggedvalues uid="25801a38-0000-39a7-0000-000000000000" name="C++Register" label="" parameter-card="0" is-hidden="true" is-signed="false" />
              <taggedvalues uid="25801a38-0000-3961-0000-000000000000" name="C++Signed" label="" parameter-card="0" is-hidden="true" is-signed="false" />
              <taggedvalues uid="25801a38-0000-394d-0000-000000000000" name="C++Volatile" label="" parameter-card="0" is-hidden="true" is-signed="false" />
              <taggedvalues uid="25801a38-0000-397a-0000-000000000000" name="access" label="" parameter-card="0" is-hidden="true" is-signed="false" />
              <taggedvalues uid="25801a38-0000-3975-0000-000000000000" name="array" label="" parameter-card="0" is-hidden="true" is-signed="false" />
              <taggedvalues uid="25801a38-0000-3966-0000-000000000000" name="bind" label="" parameter-card="*" is-hidden="true" is-signed="false" />
              <taggedvalues uid="25801a38-0000-397f-0000-000000000000" name="const" label="" parameter-card="0" is-hidden="true" is-signed="false" />
              <taggedvalues uid="25801a38-0000-3984-0000-000000000000" name="create" label="" parameter-card="0" is-hidden="true" is-signed="false" />
              <taggedvalues uid="25801a38-0000-3989-0000-000000000000" name="fullaccess" label="" parameter-card="0" is-hidden="true" is-signed="false" />
              <taggedvalues uid="25801a38-0000-39a2-0000-000000000000" name="generic" label="" parameter-card="*" is-hidden="true" is-signed="false" />
              <taggedvalues uid="25801a38-0000-398e-0000-000000000000" name="long" label="" parameter-card="0" is-hidden="true" is-signed="false" />
              <taggedvalues uid="25801a38-0000-3957-0000-000000000000" name="mutable" label="" parameter-card="0" is-hidden="true" is-signed="false" />
              <taggedvalues uid="25801a38-0000-395c-0000-000000000000" name="noInline" label="" parameter-card="0" is-hidden="true" is-signed="false" />
              <taggedvalues uid="25801a38-0000-3952-0000-000000000000" name="own" label="" parameter-card="0" is-hidden="true" is-signed="false" />
              <taggedvalues uid="25801a38-0000-3993-0000-000000000000" name="public" label="" parameter-card="0" is-hidden="true" is-signed="false" />
              <taggedvalues uid="25801a38-0000-3998-0000-000000000000" name="short" label="" parameter-card="0" is-hidden="true" is-signed="false" />
              <taggedvalues uid="25801a38-0000-399d-0000-000000000000" name="unsigned" label="" parameter-card="0" is-hidden="true" is-signed="false" />
              <taggedvalues uid="25801a38-0000-39b1-0000-000000000000" name="wchar_t" label="" parameter-card="0" is-hidden="true" is-signed="false" />
              <taggedvalues uid="01d002e8-0000-00ec-0000-000000000000" name="Cxx.Attribute.CopyBehavior" label="" parameter-card="1" is-hidden="true" is-signed="false" />
              <taggedvalues uid="01d002e8-0000-00f1-0000-000000000000" name="Cxx.Attribute.DestroyBehavior" label="" parameter-card="1" is-hidden="true" is-signed="false" />
      </anonymous-stereotype>
      <anonymous-stereotype uid="25801af8-0000-0fb9-0000-000000000000"  metaclass="Class" >
              <notetype uid="25801a38-0000-3bbd-0000-000000000000" name="MFCMessageMacro" label="" is-hidden="true" />
              <notetype uid="25801a38-0000-39d5-0000-000000000000" name="C++" label="" is-hidden="true" />
              <notetype uid="25801a38-0000-39da-0000-000000000000" name="C++BodyHeader" label="" is-hidden="true" />
              <notetype uid="25801a38-0000-39d0-0000-000000000000" name="C++Doxygen" label="" is-hidden="true" />
              <notetype uid="25801a38-0000-39cb-0000-000000000000" name="C++EmbeddedCode" label="" is-hidden="true" />
              <notetype uid="25801a38-0000-39df-0000-000000000000" name="C++Inheritance" label="" is-hidden="true" />
              <notetype uid="25801a38-0000-39b7-0000-000000000000" name="C++InterfaceHeader" label="" is-hidden="true" />
              <notetype uid="25801a38-0000-39c1-0000-000000000000" name="C++PrivateMember" label="" is-hidden="true" />
              <notetype uid="25801a38-0000-39c6-0000-000000000000" name="C++ProtectedMember" label="" is-hidden="true" />
              <notetype uid="25801a38-0000-39bc-0000-000000000000" name="C++PublicMember" label="" is-hidden="true" />
              <taggedvalues uid="25801a38-0000-3bc2-0000-000000000000" name="MFCDynamicMacro" label="" parameter-card="0" is-hidden="true" is-signed="false" />
              <taggedvalues uid="01d002e8-0000-00d2-0000-000000000000" name="Cxx.Class.CopyBehavior" label="" parameter-card="1" is-hidden="true" is-signed="false" />
              <taggedvalues uid="01d002e8-0000-00dc-0000-000000000000" name="Cxx.Class.CopyConstructor.Visibility" label="" parameter-card="1" is-hidden="true" is-signed="false" />
              <taggedvalues uid="01d002e8-0000-00d7-0000-000000000000" name="Cxx.Class.DestroyBehavior" label="" parameter-card="1" is-hidden="true" is-signed="false" />
              <taggedvalues uid="01d002e8-0000-00e1-0000-000000000000" name="Cxx.Class.Destructor.Visibility" label="" parameter-card="1" is-hidden="true" is-signed="false" />
              <taggedvalues uid="25801a38-0000-39f3-0000-000000000000" name="C++DLL" label="" parameter-card="*" is-hidden="true" is-signed="false" />
              <taggedvalues uid="25801a38-0000-39e9-0000-000000000000" name="C++Name" label="" parameter-card="1" is-hidden="true" is-signed="false" />
              <taggedvalues uid="25801a38-0000-3a1b-0000-000000000000" name="C++Specialization" label="" parameter-card="*" is-hidden="true" is-signed="false" />
              <taggedvalues uid="25801a38-0000-39f8-0000-000000000000" name="embeddedcontext" label="" parameter-card="0" is-hidden="true" is-signed="false" />
              <taggedvalues uid="25801a38-0000-39fd-0000-000000000000" name="extern" label="" parameter-card="*" is-hidden="true" is-signed="false" />
              <taggedvalues uid="25801a38-0000-3a02-0000-000000000000" name="generic" label="" parameter-card="*" is-hidden="true" is-signed="false" />
              <taggedvalues uid="25801a38-0000-3a16-0000-000000000000" name="nocodeForAll" label="" parameter-card="0" is-hidden="true" is-signed="false" />
              <taggedvalues uid="25801a38-0000-3a07-0000-000000000000" name="noinclude" label="" parameter-card="0" is-hidden="true" is-signed="false" />
              <taggedvalues uid="25801a38-0000-3a0c-0000-000000000000" name="noset" label="" parameter-card="0" is-hidden="true" is-signed="false" />
              <taggedvalues uid="25801a38-0000-39ee-0000-000000000000" name="structure" label="" parameter-card="0" is-hidden="true" is-signed="false" />
              <taggedvalues uid="25801a38-0000-39e4-0000-000000000000" name="union" label="" parameter-card="0" is-hidden="true" is-signed="false" />
              <taggedvalues uid="25801a38-0000-3a11-0000-000000000000" name="unix" label="" parameter-card="0" is-hidden="true" is-signed="false" />
              <taggedvalues uid="01d0068c-0000-0079-0000-000000000000" name="Cxx.ClassTemplate.Operations.Disposition" label="" parameter-card="1" is-hidden="true" is-signed="false" />
              <taggedvalues uid="01d002e8-0000-00c8-0000-000000000000" name="Cxx.Specialization" label="" parameter-card="*" is-hidden="true" is-signed="false" />
      </anonymous-stereotype>
      <anonymous-stereotype uid="25801af8-0000-0521-0000-000000000000"  metaclass="DataType" >
              <notetype uid="25801a38-0000-3a2c-0000-000000000000" name="C++" label="" is-hidden="true" />
              <notetype uid="25801a38-0000-3a27-0000-000000000000" name="C++EmbeddedCode" label="" is-hidden="true" />
              <taggedvalues uid="25801a38-0000-3a31-0000-000000000000" name="C++Name" label="" parameter-card="1" is-hidden="true" is-signed="false" />
              <taggedvalues uid="25801a38-0000-3a36-0000-000000000000" name="embeddedcontext" label="" parameter-card="0" is-hidden="true" is-signed="false" />
      </anonymous-stereotype>
      <anonymous-stereotype uid="25801af8-0000-0c24-0000-000000000000"  metaclass="ElementImport" >
              <taggedvalues uid="25801a38-0000-3bb3-0000-000000000000" name="C++ForwardOnlyUse" label="" parameter-card="0" is-hidden="true" is-signed="false" />
              <taggedvalues uid="25801a38-0000-3bae-0000-000000000000" name="C++ImplementOnlyUse" label="" parameter-card="0" is-hidden="true" is-signed="false" />
              <taggedvalues uid="25801a38-0000-3bb8-0000-000000000000" name="C++Import" label="" parameter-card="0" is-hidden="true" is-signed="false" />
      </anonymous-stereotype>
      <anonymous-stereotype uid="25801af8-0000-054f-0000-000000000000"  metaclass="Enumeration" >
              <notetype uid="25801a38-0000-3a3c-0000-000000000000" name="C++EmbeddedCode" label="" is-hidden="true" />
              <taggedvalues uid="25801a38-0000-3a41-0000-000000000000" name="C++Name" label="" parameter-card="1" is-hidden="true" is-signed="false" />
              <taggedvalues uid="25801a38-0000-3a46-0000-000000000000" name="embeddedcontext" label="" parameter-card="0" is-hidden="true" is-signed="false" />
      </anonymous-stereotype>
      <anonymous-stereotype uid="25801af8-0000-0572-0000-000000000000"  metaclass="Feature" >
              <taggedvalues uid="25801a38-0000-3a4c-0000-000000000000" name="C++Name" label="" parameter-card="1" is-hidden="true" is-signed="false" />
              <taggedvalues uid="25801a38-0000-3a51-0000-000000000000" name="noconst" label="" parameter-card="0" is-hidden="true" is-signed="false" />
              <taggedvalues uid="01d002e8-0000-0095-0000-000000000000" name="Cxx.Accessors.Disposition" label="" parameter-card="1" is-hidden="true" is-signed="false" />
              <taggedvalues uid="01d002e8-0000-009a-0000-000000000000" name="Cxx.Accessors.List" label="" parameter-card="*" is-hidden="true" is-signed="false" />
              <taggedvalues uid="01d002e8-0000-008b-0000-000000000000" name="Cxx.Accessors.NoConst" label="" parameter-card="0" is-hidden="true" is-signed="false" />
              <taggedvalues uid="01d002e8-0000-0090-0000-000000000000" name="Cxx.Accessors.Virtual" label="" parameter-card="1" is-hidden="true" is-signed="false" />
              <taggedvalues uid="01d002e8-0000-0086-0000-000000000000" name="Cxx.Accessors.Visibility" label="" parameter-card="1" is-hidden="true" is-signed="false" />
      </anonymous-stereotype>
      <anonymous-stereotype uid="25801af8-0000-05fc-0000-000000000000"  metaclass="Generalization" >
              <taggedvalues uid="25801a38-0000-3a57-0000-000000000000" name="bind" label="" parameter-card="*" is-hidden="true" is-signed="false" />
              <taggedvalues uid="25801a38-0000-3a5c-0000-000000000000" name="generic" label="" parameter-card="*" is-hidden="true" is-signed="false" />
              <taggedvalues uid="25801a38-0000-3a66-0000-000000000000" name="private" label="" parameter-card="0" is-hidden="true" is-signed="false" />
              <taggedvalues uid="25801a38-0000-3a61-0000-000000000000" name="protected" label="" parameter-card="0" is-hidden="true" is-signed="false" />
              <taggedvalues uid="25801a38-0000-3a6b-0000-000000000000" name="virtual" label="" parameter-card="0" is-hidden="true" is-signed="false" />
      </anonymous-stereotype>
      <anonymous-stereotype uid="25801af8-0000-0637-0000-000000000000"  metaclass="Instance" >
              <notetype uid="25801a38-0000-3a71-0000-000000000000" name="C++TypeExpr" label="" is-hidden="true" />
              <notetype uid="25801a38-0000-3a76-0000-000000000000" name="C++Value" label="" is-hidden="true" />
              <taggedvalues uid="25801a38-0000-3a85-0000-000000000000" name="C++Name" label="" parameter-card="1" is-hidden="true" is-signed="false" />
              <taggedvalues uid="25801a38-0000-3a7b-0000-000000000000" name="bind" label="" parameter-card="*" is-hidden="true" is-signed="false" />
              <taggedvalues uid="25801a38-0000-3a8a-0000-000000000000" name="generic" label="" parameter-card="*" is-hidden="true" is-signed="false" />
              <taggedvalues uid="25801a38-0000-3a80-0000-000000000000" name="nocode" label="" parameter-card="0" is-hidden="true" is-signed="false" />
      </anonymous-stereotype>
      <anonymous-stereotype uid="25801af8-0000-0be4-0000-000000000000"  metaclass="InterfaceRealization" >
              <taggedvalues uid="25801a38-0000-3ba3-0000-000000000000" name="bind" label="" parameter-card="*" is-hidden="true" is-signed="false" />
              <taggedvalues uid="25801a38-0000-3b99-0000-000000000000" name="private" label="" parameter-card="0" is-hidden="true" is-signed="false" />
              <taggedvalues uid="25801a38-0000-3ba8-0000-000000000000" name="protected" label="" parameter-card="0" is-hidden="true" is-signed="false" />
              <taggedvalues uid="25801a38-0000-3b9e-0000-000000000000" name="virtual" label="" parameter-card="0" is-hidden="true" is-signed="false" />
      </anonymous-stereotype>
      <anonymous-stereotype uid="25801af8-0000-066c-0000-000000000000"  metaclass="ModelElement" >
              <notetype uid="25801a38-0000-3a90-0000-000000000000" name="C++Generator" label="" is-hidden="true" />
              <taggedvalues uid="01d002e8-0000-0063-0000-000000000000" name="Cxx.NoInvariant" label="" parameter-card="0" is-hidden="true" is-signed="false" />
              <taggedvalues uid="1eeece97-85e1-11df-84a1-002564c97630" name="Cxx.53.Compatible" label="" parameter-card="0" is-hidden="true" is-signed="false" />
              <taggedvalues uid="1f4702f9-85e1-11df-84a1-002564c97630" name="_toDelete" label="" parameter-card="0" is-hidden="true" is-signed="false" />
              <taggedvalues uid="01d002e8-0000-004f-0000-000000000000" name="Cxx.External" label="External includes" parameter-card="*" is-hidden="true" is-signed="false" />
              <taggedvalues uid="01ec2ce4-0000-0c55-0000-000000000000" name="Cxx.IncludePathName" label="Include path name" parameter-card="*" is-hidden="true" is-signed="false" />
      </anonymous-stereotype>
      <anonymous-stereotype uid="25801af8-0000-1005-0000-000000000000"  metaclass="NameSpace" >
              <taggedvalues uid="25801a38-0000-3bc8-0000-000000000000" name="MFCInclude" label="" parameter-card="0" is-hidden="true" is-signed="false" />
      </anonymous-stereotype>
      <anonymous-stereotype uid="25801af8-0000-07ec-0000-000000000000"  metaclass="Note" >
              <taggedvalues uid="25801a38-0000-3aa5-0000-000000000000" name="After" label="" parameter-card="0" is-hidden="true" is-signed="false" />
              <taggedvalues uid="25801a38-0000-3aa0-0000-000000000000" name="Before" label="" parameter-card="0" is-hidden="true" is-signed="false" />
              <taggedvalues uid="25801a38-0000-3a96-0000-000000000000" name="Identity" label="" parameter-card="1" is-hidden="true" is-signed="false" />
              <taggedvalues uid="25801a38-0000-3a9b-0000-000000000000" name="SoParameter" label="" parameter-card="1" is-hidden="true" is-signed="false" />
      </anonymous-stereotype>
      <anonymous-stereotype uid="25801af8-0000-090f-0000-000000000000"  metaclass="Operation" >
              <notetype uid="25801a38-0000-3aab-0000-000000000000" name="C++" label="" is-hidden="true" />
              <notetype uid="25801a38-0000-3ab5-0000-000000000000" name="C++ConstructorTransmission" label="" is-hidden="true" />
              <notetype uid="25801a38-0000-3abf-0000-000000000000" name="C++Doxygen" label="" is-hidden="true" />
              <notetype uid="25801a38-0000-3ab0-0000-000000000000" name="C++Returned" label="" is-hidden="true" />
              <notetype uid="25801a38-0000-3aba-0000-000000000000" name="C++ThrowException" label="" is-hidden="true" />
              <taggedvalues uid="25801a38-0000-3ac4-0000-000000000000" name="C++Explicit" label="" parameter-card="0" is-hidden="true" is-signed="false" />
              <taggedvalues uid="25801a38-0000-3ad3-0000-000000000000" name="C++IncludeParentPreCondition" label="" parameter-card="0" is-hidden="true" is-signed="false" />
              <taggedvalues uid="25801a38-0000-3ace-0000-000000000000" name="C++Volatile" label="" parameter-card="0" is-hidden="true" is-signed="false" />
              <taggedvalues uid="25801a38-0000-3ac9-0000-000000000000" name="const" label="" parameter-card="0" is-hidden="true" is-signed="false" />
              <taggedvalues uid="25801a38-0000-3ad8-0000-000000000000" name="inline" label="" parameter-card="0" is-hidden="true" is-signed="false" />
              <taggedvalues uid="25801a38-0000-3add-0000-000000000000" name="noinvariant" label="" parameter-card="0" is-hidden="true" is-signed="false" />
              <taggedvalues uid="25801a38-0000-3ae2-0000-000000000000" name="virtual" label="" parameter-card="0" is-hidden="true" is-signed="false" />
              <taggedvalues uid="01d002e8-0000-011b-0000-000000000000" name="Cxx.Operation.ParentConditions" label="" parameter-card="0" is-hidden="true" is-signed="false" />
      </anonymous-stereotype>
      <anonymous-stereotype uid="25801af8-0000-0a1d-0000-000000000000"  metaclass="Package" >
              <notetype uid="25801a38-0000-3ae8-0000-000000000000" name="C++" label="" is-hidden="true" />
              <notetype uid="25801a38-0000-3aed-0000-000000000000" name="C++BodyHeader" label="" is-hidden="true" />
              <notetype uid="25801a38-0000-3afc-0000-000000000000" name="C++Doxygen" label="" is-hidden="true" />
              <notetype uid="25801a38-0000-3af7-0000-000000000000" name="C++EmbeddedCode" label="" is-hidden="true" />
              <notetype uid="25801a38-0000-3b01-0000-000000000000" name="C++Function" label="" is-hidden="true" />
              <notetype uid="25801a38-0000-3af2-0000-000000000000" name="C++InterfaceHeader" label="" is-hidden="true" />
              <taggedvalues uid="25801a38-0000-3b24-0000-000000000000" name="C++Name" label="" parameter-card="1" is-hidden="true" is-signed="false" />
              <taggedvalues uid="25801a38-0000-3b10-0000-000000000000" name="C++NoNameSpace" label="" parameter-card="0" is-hidden="true" is-signed="false" />
              <taggedvalues uid="25801a38-0000-3b06-0000-000000000000" name="C++Root" label="" parameter-card="0" is-hidden="true" is-signed="false" />
              <taggedvalues uid="25801a38-0000-3b15-0000-000000000000" name="embeddedcontext" label="" parameter-card="0" is-hidden="true" is-signed="false" />
              <taggedvalues uid="25801a38-0000-3b0b-0000-000000000000" name="extern" label="" parameter-card="1" is-hidden="true" is-signed="false" />
              <taggedvalues uid="25801a38-0000-3b1f-0000-000000000000" name="nocodeForAll" label="" parameter-card="0" is-hidden="true" is-signed="false" />
              <taggedvalues uid="25801a38-0000-3b1a-0000-000000000000" name="noinclude" label="" parameter-card="0" is-hidden="true" is-signed="false" />
      </anonymous-stereotype>
      <anonymous-stereotype uid="25801af8-0000-0ae2-0000-000000000000"  metaclass="Parameter" >
              <notetype uid="25801a38-0000-3b2a-0000-000000000000" name="C++DefaultValue" label="" is-hidden="true" />
              <notetype uid="25801a38-0000-3b39-0000-000000000000" name="C++Doxygen" label="" is-hidden="true" />
              <notetype uid="25801a38-0000-3b2f-0000-000000000000" name="C++ParamExpr" label="" is-hidden="true" />
              <notetype uid="25801a38-0000-3b34-0000-000000000000" name="C++TypeExpr" label="" is-hidden="true" />
              <taggedvalues uid="25801a38-0000-3b6b-0000-000000000000" name="&#38;" label="" parameter-card="0" is-hidden="true" is-signed="false" />
              <taggedvalues uid="25801a38-0000-3b66-0000-000000000000" name="*" label="" parameter-card="0" is-hidden="true" is-signed="false" />
              <taggedvalues uid="25801a38-0000-3b52-0000-000000000000" name="C++ArrayDimension" label="" parameter-card="1" is-hidden="true" is-signed="false" />
              <taggedvalues uid="25801a38-0000-3b43-0000-000000000000" name="C++Auto" label="" parameter-card="0" is-hidden="true" is-signed="false" />
              <taggedvalues uid="25801a38-0000-3b4d-0000-000000000000" name="C++Name" label="" parameter-card="1" is-hidden="true" is-signed="false" />
              <taggedvalues uid="25801a38-0000-3b48-0000-000000000000" name="C++Register" label="" parameter-card="0" is-hidden="true" is-signed="false" />
              <taggedvalues uid="25801a38-0000-3b57-0000-000000000000" name="C++Signed" label="" parameter-card="0" is-hidden="true" is-signed="false" />
              <taggedvalues uid="25801a38-0000-3b3e-0000-000000000000" name="C++Volatile" label="" parameter-card="0" is-hidden="true" is-signed="false" />
              <taggedvalues uid="25801a38-0000-3b70-0000-000000000000" name="array" label="" parameter-card="0" is-hidden="true" is-signed="false" />
              <taggedvalues uid="25801a38-0000-3b5c-0000-000000000000" name="bind" label="" parameter-card="*" is-hidden="true" is-signed="false" />
              <taggedvalues uid="25801a38-0000-3b75-0000-000000000000" name="const" label="" parameter-card="0" is-hidden="true" is-signed="false" />
              <taggedvalues uid="25801a38-0000-3b7a-0000-000000000000" name="generic" label="" parameter-card="*" is-hidden="true" is-signed="false" />
              <taggedvalues uid="25801a38-0000-3b7f-0000-000000000000" name="long" label="" parameter-card="0" is-hidden="true" is-signed="false" />
              <taggedvalues uid="25801a38-0000-3b84-0000-000000000000" name="noconst" label="" parameter-card="0" is-hidden="true" is-signed="false" />
              <taggedvalues uid="25801a38-0000-3b89-0000-000000000000" name="short" label="" parameter-card="0" is-hidden="true" is-signed="false" />
              <taggedvalues uid="25801a38-0000-3b8e-0000-000000000000" name="unsigned" label="" parameter-card="0" is-hidden="true" is-signed="false" />
              <taggedvalues uid="25801a38-0000-3b93-0000-000000000000" name="val" label="" parameter-card="0" is-hidden="true" is-signed="false" />
              <taggedvalues uid="25801a38-0000-3b61-0000-000000000000" name="wchar_t" label="" parameter-card="0" is-hidden="true" is-signed="false" />
      </anonymous-stereotype>
      <stereotype uid="25801a38-0000-3bdf-0000-000000000000" name="C++CastOperator" label="" metaclass="Operation" is-hidden="true">
          <icons>
              <small path="" />
              <explorer path="" />
              <diagram path="" />
          </icons>
      </stereotype>
      <stereotype uid="25801a38-0000-3bd0-0000-000000000000" name="C++Invariant" label="C++ Invariant" metaclass="Constraint" is-hidden="true">
          <icons>
              <small path="" />
              <explorer path="" />
              <diagram path="" />
          </icons>
      </stereotype>
      <stereotype uid="25801a38-0000-3bda-0000-000000000000" name="C++PostCondition" label="C++ PostCondition" metaclass="Constraint" is-hidden="true">
          <icons>
              <small path="" />
              <explorer path="" />
              <diagram path="" />
          </icons>
      </stereotype>
      <stereotype uid="25801a38-0000-3bd5-0000-000000000000" name="C++PreCondition" label="C++ PreCondition" metaclass="Constraint" is-hidden="true">
          <icons>
              <small path="" />
              <explorer path="" />
              <diagram path="" />
          </icons>
      </stereotype>
      <stereotype uid="25801a38-0000-3bca-0000-000000000000" name="templateParameter" label="" metaclass="Class" is-hidden="true">
          <icons>
              <small path="res/bmp/ag_move.bmp" />
              <explorer path="res/bmp/ag_move.bmp" />
              <diagram path="res/bmp/ag_move.bmp" />
          </icons>
      </stereotype>
  </profile>
  <profile uid="ef0f3d4a-85be-11df-84a1-002564c97630" name="Projects" >
      <anonymous-stereotype uid="01d4014c-0000-00fc-0000-000000000000"  metaclass="Package" >
              <taggedvalues uid="01d4014c-0000-0125-0000-000000000000" name="System.ProjectData" label="" parameter-card="0" is-hidden="true" is-signed="false" />
              <taggedvalues uid="01d4014c-0000-012a-0000-000000000000" name="System.DeploymentData" label="" parameter-card="0" is-hidden="true" is-signed="false" />
              <taggedvalues uid="e0511255-2507-11df-9f0d-0019b95c085c" name="Cxx.Variant" label="" parameter-card="*" is-hidden="true" is-signed="false" />
      </anonymous-stereotype>
      <anonymous-stereotype uid="01d401cc-0000-0480-0000-000000000000"  metaclass="Artifact" >
              <taggedvalues uid="01d40274-0000-0035-0000-000000000000" name="System.ActiveArtifact" label="" parameter-card="0" is-hidden="true" is-signed="false" />
      </anonymous-stereotype>
      <anonymous-stereotype uid="01d402ec-0000-01f1-0000-000000000000"  metaclass="ModelElement" >
              <taggedvalues uid="01d402ec-0000-022d-0000-000000000000" name="System.GUI.DlgResult" label="" parameter-card="1" is-hidden="true" is-signed="false" />
      </anonymous-stereotype>
      <stereotype uid="01d4014c-0000-00c1-0000-000000000000" name="CxxProject" label="" metaclass="Artifact" is-hidden="true">
          <icons>
              <small path="res/bmp/fr/mda_group_expl.png" />
              <explorer path="res/bmp/fr/mda_group_expl.png" />
              <diagram path="res/bmp/fr/mda_group_expl.png" />
          </icons>
              <taggedvalues uid="00c80358-0005-55bb-0000-000000000000" name="System.CxxProject.WorkSpace" label="" parameter-card="1" is-hidden="true" is-signed="false" />
      </stereotype>
      <stereotype uid="01d4014c-0000-00c6-0000-000000000000" name="CxxCodeGeneration" label="" metaclass="Artifact" is-hidden="true">
          <icons>
              <small path="res/bmp/fr/pe_cxx.png" />
              <explorer path="res/bmp/fr/pe_cxx.png" />
              <diagram path="res/bmp/fr/pe_cxx.png" />
          </icons>
              <taggedvalues uid="01d401cc-0000-032c-0000-000000000000" name="Cxx.Opt.HeaderExt" label="" parameter-card="1" is-hidden="true" is-signed="false" />
              <taggedvalues uid="01d401cc-0000-0331-0000-000000000000" name="Cxx.Opt.SourceExt" label="" parameter-card="1" is-hidden="true" is-signed="false" />
              <taggedvalues uid="01d401cc-0000-0336-0000-000000000000" name="Cxx.Opt.BodyOutputPath" label="" parameter-card="1" is-hidden="true" is-signed="false" />
              <taggedvalues uid="01d401cc-0000-033b-0000-000000000000" name="Cxx.Opt.HeaderOutputPath" label="" parameter-card="1" is-hidden="true" is-signed="false" />
              <taggedvalues uid="01d402ec-0000-12fa-0000-000000000000" name="Cxx.Opt.Lib" label="" parameter-card="1" is-hidden="true" is-signed="false" />
              <taggedvalues uid="01d402ec-0000-174f-0000-000000000000" name="Cxx.Opt.Platform" label="" parameter-card="1" is-hidden="true" is-signed="false" />
              <taggedvalues uid="cbf4924e-22ba-11df-859a-0019b95c085c" name="Cxx.Variant" label="Variant" parameter-card="*" is-hidden="true" is-signed="false" />
              <taggedvalues uid="18d226dd-465f-11e0-942c-002564c97630" name="Cxx.CopyrightFile" label="Copyright file" parameter-card="1" is-hidden="true" is-signed="false" />
      </stereotype>
      <stereotype uid="01d4014c-0000-00cb-0000-000000000000" name="CxxDocGeneration" label="" metaclass="Artifact" is-hidden="true">
          <icons>
              <small path="res/bmp/fr/pe_document.png" />
              <explorer path="res/bmp/fr/pe_document.png" />
              <diagram path="res/bmp/fr/pe_document.png" />
          </icons>
              <taggedvalues uid="00c80358-0000-02e3-0000-000000000000" name="Doc.Opt.Doxygen.Binary" label="" parameter-card="1" is-hidden="true" is-signed="false" />
              <taggedvalues uid="00c80358-0000-02e8-0000-000000000000" name="Doc.Opt.Doxygen.WorkDir" label="" parameter-card="1" is-hidden="true" is-signed="false" />
              <taggedvalues uid="00c80358-0000-02ed-0000-000000000000" name="Doc.Opt.Doxygen.OutputPath" label="" parameter-card="1" is-hidden="true" is-signed="false" />
              <taggedvalues uid="00c80358-0000-02f2-0000-000000000000" name="Doc.Opt.Doxygen.InputPath" label="" parameter-card="1" is-hidden="true" is-signed="false" />
              <taggedvalues uid="00c80358-0000-02f7-0000-000000000000" name="Doc.Opt.Doxygen.SourceExts" label="" parameter-card="1024" is-hidden="true" is-signed="false" />
              <taggedvalues uid="00c80358-0000-02fc-0000-000000000000" name="Doc.Opt.Doxygen.OutputType" label="" parameter-card="1024" is-hidden="true" is-signed="false" />
              <taggedvalues uid="00c80358-0000-0301-0000-000000000000" name="Doc.Opt.Doxygen.DirectOptions" label="" parameter-card="1" is-hidden="true" is-signed="false" />
      </stereotype>
      <stereotype uid="01d4014c-0000-00d0-0000-000000000000" name="CxxCompilation" label="" metaclass="Artifact" is-hidden="true">
          <icons>
              <small path="res/bmp/fr/pe_makecxx.png" />
              <explorer path="res/bmp/fr/pe_makecxx.png" />
              <diagram path="res/bmp/fr/pe_makecxx.png" />
          </icons>
              <notetype uid="00140d80-0000-019a-0000-000000000000" name="MKO" label="" is-hidden="false" />
              <taggedvalues uid="258018fc-0000-12fa-0000-000000000000" name="Makefile.ProductionType" label="" parameter-card="1" is-hidden="true" is-signed="false" />
              <taggedvalues uid="258018fc-0000-143b-0000-000000000000" name="Makefile.Target" label="" parameter-card="1" is-hidden="true" is-signed="false" />
              <taggedvalues uid="25801a38-0000-25db-0000-000000000000" name="Makefile.Options.Compiler" label="" parameter-card="1" is-hidden="true" is-signed="false" />
              <taggedvalues uid="25801a38-0000-25e0-0000-000000000000" name="Makefile.Options.Linker" label="" parameter-card="1" is-hidden="true" is-signed="false" />
              <taggedvalues uid="00c80358-0005-3719-0000-000000000000" name="Makefile.RAMC.includes" label="" parameter-card="1" is-hidden="true" is-signed="false" />
              <taggedvalues uid="00c80358-0005-371e-0000-000000000000" name="Makefile.RAMC.library" label="" parameter-card="1" is-hidden="true" is-signed="false" />
              <taggedvalues uid="00c80358-0008-72ea-0000-000000000000" name="Makefile.ProductionFile" label="" parameter-card="1" is-hidden="true" is-signed="false" />
      </stereotype>
      <stereotype uid="27e723fd-0e2a-11de-afd4-00137279a5d1" name="CxxActiveProject" label="" metaclass="Artifact" owner-stereotype="CxxProject"  is-hidden="true">
          <icons>
              <small path="res/bmp/active_project.png" />
              <explorer path="res/bmp/active_project.png" />
              <diagram path="res/bmp/active_project.png" />
          </icons>
      </stereotype>
      <stereotype uid="00c80358-0008-1306-0000-000000000000" name="Cxx.Files.Extern" label="" metaclass="Artifact" is-hidden="false">
          <icons>
              <small path="res/bmp/file.png" />
              <explorer path="res/bmp/file.png" />
              <diagram path="res/bmp/file.png" />
          </icons>
              <taggedvalues uid="00c80358-0008-130e-0000-000000000000" name="Cxx.Filenames" label="" parameter-card="*" is-hidden="true" is-signed="false" />
      </stereotype>
  </profile>
  <parameter uid="01ec2b14-0000-017f-0000-000000000000"  name="RetrieveDefaultBehaviour" />
  <parameter uid="01ec2b14-0000-016f-0000-000000000000"  name="CxxWorkspace" />
  <parameter uid="e0ea4207-4ef0-11df-9d03-00137279a5d1"  name="AutoReloadACT" />
  <parameter uid="37a2dc5a-22f5-11df-859a-0019b95c085c"  name="UsedVariant" />
  <parameter uid="01ec2b14-0000-0171-0000-000000000000"  name="ParCxxDefaultTypeLibrary" />
  <parameter uid="01ec2b14-0000-0179-0000-000000000000"  name="ActLogLevel" />
  <parameter uid="01ec2b14-0000-017b-0000-000000000000"  name="UseDescriptionAsDoxygen" />
  <parameter uid="0607c912-ece7-11df-8700-002564c97630"  name="IndentCode" />
  <parameter uid="01ec2b14-0000-017d-0000-000000000000"  name="GenerateCoplienForm" />
  <parameter uid="70ec28b9-72df-11df-bf44-002564c97630"  name="GenerateAccessors" />
  <parameter uid="01ec2b14-0000-018c-0000-000000000000"  name="UseExternalEdition" />
  <parameter uid="01ec2b14-0000-018e-0000-000000000000"  name="ExtEditorCommandLine" />
  <parameter uid="01ec2b14-0000-0151-0000-000000000000"  name="WindowsCompiler" />
  <parameter uid="01ec2b14-0000-0153-0000-000000000000"  name="WindowsLinker" />
  <parameter uid="01ec2b14-0000-0155-0000-000000000000"  name="WindowsLib" />
  <parameter uid="01ec2b14-0000-0157-0000-000000000000"  name="LinuxCompiler" />
  <parameter uid="01ec2b14-0000-0159-0000-000000000000"  name="LinuxLinker" />
  <parameter uid="01ec2b14-0000-015b-0000-000000000000"  name="LinuxLib" />
  <parameter uid="01ec2b14-0000-015d-0000-000000000000"  name="OCONF" />
  <parameter uid="01ec2b14-0000-0161-0000-000000000000"  name="cygwindir" />
  <parameter uid="01ec2b14-0000-0173-0000-000000000000"  name="ParCxxDefaultPlatform" />
  <parameter uid="01ec2b14-0000-0175-0000-000000000000"  name="ParCxxDefaultHeaderExt" />
  <parameter uid="01ec2b14-0000-0177-0000-000000000000"  name="ParCxxDefaultBodyExt" />
  <parameter uid="389651e6-4658-11e0-942c-002564c97630"  name="ParDefaultCopyright" />
  <parameter uid="01ec2b14-0000-0190-0000-000000000000"  name="ParDoxygenExecutable" />
  <parameter uid="01ec2b14-0000-0192-0000-000000000000"  name="ParDocumentationBrowser" />
  <parameter uid="01ec2b14-0000-0194-0000-000000000000"  name="ParDefDoxygenParams" />
  <parameter uid="01ec2b14-0000-0196-0000-000000000000"  name="ParDefaultDocOutputPath" />
  <parameter uid="01ec2b14-0000-0198-0000-000000000000"  name="ParDoxygenHyperlinkFormat" />
  <parameter uid="01ec2b14-0000-019a-0000-000000000000"  name="ParDoxygenHyperlinkSeparator" />
  <parameter uid="01ec2b14-0000-019c-0000-000000000000"  name="ParDoxygenHyperlinkFunction" />
  <parameter uid="01ec2b14-0000-016b-0000-000000000000"  name="ExportBodyFiles" />
  <parameter uid="01ec2b14-0000-016d-0000-000000000000"  name="ExportHeaderFiles" />
  <dependencies>
      <optional name = "Subversion" version="1.12.06.7008"/>
  </dependencies>
</module>
