<module uid="32e514b6-85ba-11df-acf5-002564c97630" name="CxxReverser" class="com.modeliosoft.cxxreverser.impl.CxxReverserMdac" version = "3.1.01.8008" binaryversion = "2.1.00.8008" licenseRequired = "true">
  <classpath>
      <entry path = "lib/CxxReverser.jar"/>
      <entry path = "lib/ReverseCore.jar"/>
      <entry path = "lib/cpp2xml.jar"/>
      <entry path = "lib/antlr.jar"/>
  </classpath>
  <profile uid="01d003e4-0000-007e-0000-000000000000" name="ActEngine" >
  </profile>
  <profile uid="01d4014c-0000-00be-0000-000000000000" name="PTM" >
  </profile>
  <profile uid="25801a38-0000-38ba-0000-000000000000" name="CxxLegacyProfile" >
  </profile>
  <profile uid="00c80358-0000-0c71-0000-000000000000" name="CppRamPackager" >
  </profile>
  <profile uid="01d400bc-0000-0155-0000-000000000000" name="Cxx2" >
  </profile>
  <profile uid="01d003e4-0000-0288-0000-000000000000" name="Cxx2DebugUtil" >
  </profile>
  <profile uid="01d800d4-0000-0069-0000-000000000000" name="Cxx2GUI" >
  </profile>
  <profile uid="01d006e8-0000-1409-0000-000000000000" name="Cxx2LegacySupport" >
  </profile>
  <profile uid="25801a38-0000-0dd2-0000-000000000000" name="ExternalUpdate" >
  </profile>
  <profile uid="258018fc-0000-12f4-0000-000000000000" name="Makefile" >
  </profile>
  <profile uid="258018fc-0000-0bda-0000-000000000000" name="MakefileGeneration" >
  </profile>
  <profile uid="01d4014c-0000-00d8-0000-000000000000" name="PTMImpl" >
  </profile>
  <profile uid="00c80358-0000-aeea-0000-000000000000" name="PartPortWizard" >
  </profile>
  <profile uid="25801a38-0000-2cff-0000-000000000000" name="ReverseCpp" >
  </profile>
  <profile uid="8e2f61d9-efad-11de-a398-00137279a5d1" name="ReverseReport" >
  </profile>
  <profile uid="eb8c18e0-0000-0002-0000-000000000000" name="ReverseCore" >
  </profile>
  <dependencies>
    <required name="CxxDesigner" version="3.0.04.8006" />
  </dependencies>
</module>
