<cpp2xml-params>
  <source-extension value="cpp"/>
  <source-extension value="cxx"/>
  <define name="_WCHAR_T_DEFINED"/>
  <define name="_WIN32"/>
  <define name="__cplusplus"/>
  <define name="__MSC_VER" value="1400"/>
  <option name="ms-extensions" value="on"/>
  <container-type match="vector" type-arg-index="0" multiplicity="*"/>
  <container-type match="map" type-arg-index="1" multiplicity="*"/>
  <container-type match="multimap" type-arg-index="1" multiplicity="*"/>
  <container-type match="hash_map" type-arg-index="1" multiplicity="*"/>
  <container-type match="hash_multimap" type-arg-index="1" multiplicity="*"/>
  <container-type match="queue" type-arg-index="0" multiplicity="*"/>
  <container-type match="stack" type-arg-index="0" multiplicity="*"/>
  <container-type match="list" type-arg-index="0" multiplicity="*"/>
  <container-type match="set" type-arg-index="0" multiplicity="*"/>
  <container-type match="multiset" type-arg-index="0" multiplicity="*"/>
  <container-type match="hash_multiset" type-arg-index="0" multiplicity="*"/>
  <container-type match="valarray" type-arg-index="0" multiplicity="*"/>
  <container-type match="CArray" type-arg-index="0" multiplicity="*"/>
  <container-type match="CByteArray" multiplicity="*" type-name="BYTE"/>
  <container-type match="CMap" type-arg-index="2" multiplicity="*"/>
  <container-type match="CAtlArray" type-arg-index="0" multiplicity="*"/>
  <container-type match="CAtlList" type-arg-index="0" multiplicity="*"/>
  <container-type match="CAtlMap" type-arg-index="1" multiplicity="*"/>
  <container-type match="CAutoPtrArray" type-arg-index="0" multiplicity="*"/>
  <container-type match="CAutoPtrList" type-arg-index="0" multiplicity="*"/>
  <container-type match="CComSafeArray" type-arg-index="0" multiplicity="*"/>
  <container-type match="CComUnkArray" type-name="IUnknown" multiplicity-arg-index="0"/>
  <attribute-type match="string"/>
  <attribute-type match="bitset" multiplicity-arg-index="0"/>
  <attribute-type match="BYTE"/>
  <attribute-type match="UINT"/>
  <attribute-type match="CString"/>
  <debug level="3" indentation="on" full-names="on"/>
</cpp2xml-params>
