<?xml version = '1.0' encoding='utf-8'?>
<manifest version='2.0'>
    <mdac
        id = '32e514b6-85ba-11df-acf5-002564c97630'
        name = 'CxxReverser'
        version = '0.99.00.7008'
        binary-version = '1.2.00'
        class = 'com.modeliosoft.modelio.cxxreverser.cxxreverser.impl.CxxReverserMdac'
        licenseRequired = 'false'
    >
        <classpath>
            <entry path = 'lib/CxxReverser.jar'/>
        </classpath>
        <dependencies>
        </dependencies>
        <weak-dependencies>
        </weak-dependencies>
    </mdac>
</manifest>
