<?xml version="1.0" encoding="utf-8"?>
<!-- Created with Liquid XML Studio 6.1.18.0 - FREE Community Edition (http://www.liquid-technologies.com) -->
<type-library xmlns:xsi="http://www.w3.org/2001/XMLSchema-instance" xsi:noNamespaceSchemaLocation="type_library.xsd" id="STL">
	<!-- Define rules for simple type matching. -->
	<type name="boolean">
		<declaration>bool</declaration>
		<decoration>
			<parameter-passing>VALUE</parameter-passing>
			<return-passing>VALUE</return-passing>
		</decoration>
	</type>
	<type name="byte">
		<declaration>unsigned char</declaration>
		<decoration>
			<parameter-passing>VALUE</parameter-passing>
			<return-passing>VALUE</return-passing>
		</decoration>
	</type>
	<type name="char">
		<declaration>char</declaration>
		<decoration>
			<parameter-passing>VALUE</parameter-passing>
			<return-passing>VALUE</return-passing>
		</decoration>
	</type>
	<type name="double">
		<declaration>double</declaration>
		<decoration>
			<parameter-passing>VALUE</parameter-passing>
			<return-passing>VALUE</return-passing>
		</decoration>
	</type>
	<type name="float">
		<declaration>float</declaration>
		<decoration>
			<parameter-passing>VALUE</parameter-passing>
			<return-passing>VALUE</return-passing>
		</decoration>
	</type>
	<type name="integer">
		<declaration>int</declaration>
		<decoration>
			<parameter-passing>VALUE</parameter-passing>
			<return-passing>VALUE</return-passing>
		</decoration>
	</type>
	<type name="long">
		<declaration>long</declaration>
		<decoration>
			<parameter-passing>VALUE</parameter-passing>
			<return-passing>VALUE</return-passing>
		</decoration>
	</type>
	<type name="short">
		<declaration>short</declaration>
		<decoration>
			<parameter-passing>VALUE</parameter-passing>
			<return-passing>VALUE</return-passing>
		</decoration>
	</type>
	<type name="string">
		<include path="string" />
		<declaration>std::string</declaration>
		<decoration>
			<parameter-passing>REF</parameter-passing>
			<return-passing>REF</return-passing>
		</decoration>
	</type>
	<type name="undefined">
		<declaration>void*</declaration>
		<decoration>
			<parameter-passing>VALUE</parameter-passing>
			<return-passing>VALUE</return-passing>
		</decoration>
	</type>
	<!-- Define rules for container type matching, according to the container kind. -->
	<type name="map" >
		<include path="map" />
		<declaration>$containerTypeName&lt;$keyTypeName,$valueTypeName&gt;</declaration>
		<container name="std::map" unique="false" ordered="true" />
		<decoration>
			<class-storage>PTR</class-storage>
		</decoration>
	</type>
	<type name="hash_map">
		<include path="hash_map" />
		<declaration>$containerTypeName&lt;$keyTypeName,$valueTypeName&gt;</declaration>
		<container name="std::hash_map" unique="false" ordered="false"/>
		<decoration>
			<class-storage>PTR</class-storage>
		</decoration>
	</type>
	<type name="multimap">
		<include path="map" />
		<declaration>$containerTypeName&lt;$keyTypeName,$valueTypeName&gt;</declaration>
		<container name="std::multimap" unique="false" ordered="true"/>
		<decoration>
			<class-storage>PTR</class-storage>
		</decoration>
	</type>
	<type name="hash_multimap">
		<include path="hash_multimap" />
		<declaration>$containerTypeName&lt;$keyTypeName,$valueTypeName&gt;</declaration>
		<container name="std::hash_multimap" unique="false" ordered="false"/>
		<decoration>
			<class-storage>PTR</class-storage>
		</decoration>
	</type>
	<type name="set">
		<include path="set" />
		<declaration>$containerTypeName&lt;$valueTypeName&gt;</declaration>
		<container name="std::set" unique="true" ordered="true"/>
		<decoration>
			<class-storage>PTR</class-storage>
		</decoration>
	</type>
	<type name="hash_set">
		<include path="hash_set" />
		<declaration>$containerTypeName&lt;$valueTypeName&gt;</declaration>
		<container name="std::hash_set" unique="true" ordered="false"/>
		<decoration>
			<class-storage>PTR</class-storage>
		</decoration>
	</type>
	<type name="list">
		<include path="list" />
		<declaration>$containerTypeName&lt;$valueTypeName&gt;</declaration>
		<container name="std::list" unique="false" ordered="true"/>
		<decoration>
			<class-storage>PTR</class-storage>
		</decoration>
	</type>
	<type name="vector">
		<include path="vector" />
		<declaration>$containerTypeName&lt;$valueTypeName&gt;</declaration>
		<container name="std::vector" unique="false" ordered="true"/>
		<decoration>
			<class-storage>PTR</class-storage>
		</decoration>
	</type>
	<!--
		Defines rule for "degradation" of container kinds, used to find best matching container in absence of exact match.
		Possible container kinds are :
		- "OrderedMap"
		- "UnorderedMap"
		- "OrderedMultiMap"
		- "UnorderedMultiMap"
		- "OrderedSet"
		- "UnorderedSet"
		- "OrderedCollection"
		- "UnorderedCollection"
	-->
	<container-mapping>
		<OrderedMap>
			<containerref name="map" />
		</OrderedMap>
		<UnorderedMap>
			<containerref name="hash_map" />
			<containerref name="map" />
		</UnorderedMap>
		<OrderedMultiMap>
			<containerref name="multimap" />
		</OrderedMultiMap>
		<UnorderedMultiMap>
			<containerref name="hash_multimap" />
		</UnorderedMultiMap>
		<OrderedSet>
			<containerref name="set" />
		</OrderedSet>
		<UnorderedSet>
			<containerref name="hash_set" />
		</UnorderedSet>
		<OrderedCollection>
			<!-- No ordered collection defined -->
			<degradedKind>UnorderedCollection</degradedKind>
		</OrderedCollection>
		<UnorderedCollection>
			<containerref name="vector" />
		</UnorderedCollection>
	</container-mapping>
</type-library>
