<?xml version="1.0" encoding="utf-8"?>
<!-- Created with Liquid XML Studio 6.1.18.0 - FREE Community Edition (http://www.liquid-technologies.com) -->
<type-library xmlns:xsi="http://www.w3.org/2001/XMLSchema-instance" xsi:noNamespaceSchemaLocation="type_library.xsd" id="MFC">
	<!-- Define rules for simple type matching. -->
	<type name="boolean">
		<declaration>bool</declaration>
		<decoration>
			<parameter-passing>VALUE</parameter-passing>
			<return-passing>VALUE</return-passing>
		</decoration>
	</type>
	<type name="byte">
		<declaration>unsigned char</declaration>
		<decoration>
			<parameter-passing>VALUE</parameter-passing>
			<return-passing>VALUE</return-passing>
		</decoration>
	</type>
	<type name="char">
		<declaration>char</declaration>
		<decoration>
			<parameter-passing>VALUE</parameter-passing>
			<return-passing>VALUE</return-passing>
		</decoration>
	</type>
	<type name="double">
		<declaration>double</declaration>
		<decoration>
			<parameter-passing>VALUE</parameter-passing>
			<return-passing>VALUE</return-passing>
		</decoration>
	</type>
	<type name="float">
		<declaration>float</declaration>
		<decoration>
			<parameter-passing>VALUE</parameter-passing>
			<return-passing>VALUE</return-passing>
		</decoration>
	</type>
	<type name="integer">
		<declaration>int</declaration>
		<decoration>
			<parameter-passing>VALUE</parameter-passing>
			<return-passing>VALUE</return-passing>
		</decoration>
	</type>
	<type name="long">
		<declaration>long</declaration>
		<decoration>
			<parameter-passing>VALUE</parameter-passing>
			<return-passing>VALUE</return-passing>
		</decoration>
	</type>
	<type name="short">
		<declaration>short</declaration>
		<decoration>
			<parameter-passing>VALUE</parameter-passing>
			<return-passing>VALUE</return-passing>
		</decoration>
	</type>
	<type name="string">
		<include path="cstring.h" />
		<declaration>CString</declaration>
		<decoration>
			<parameter-passing>VALUE</parameter-passing>
			<return-passing>VALUE</return-passing>
		</decoration>
	</type>
	<type name="undefined">
		<declaration>void*</declaration>
		<decoration>
			<parameter-passing>VALUE</parameter-passing>
			<return-passing>VALUE</return-passing>
		</decoration>
	</type>
	<type name="CDC">
		<include path="afxwin.h" />
		<declaration>CDC</declaration>
		<decoration>
			<parameter-passing>VALUE</parameter-passing>
			<return-passing>VALUE</return-passing>
		</decoration>
	</type>
	<!-- Define rules for container type matching, according to the container kind. -->
	<type name="map">
		<include path="afxcoll.h" />
		<declaration>$containerTypeName&lt;$keyTypeName,$keyTypeName&amp;,$valueTypeName,$valueTypeName&amp;&gt;</declaration>
		<container name="CMap" unique="false" ordered="true"/>
		<decoration>
			<class-storage>PTR</class-storage>
		</decoration>
	</type>
	<type name="vector">
		<include path="afxtempl.h" />
		<declaration>$containerTypeName&lt;$valueTypeName,const $valueTypeName&amp;&gt;</declaration>
		<container name="CArray" unique="false" ordered="true"/>
		<decoration>
			<class-storage>PTR</class-storage>
		</decoration>
	</type>
	<type name="list">
		<include path="afxtempl.h" />
		<declaration>$containerTypeName&lt;$valueTypeName,const $valueTypeName&amp;&gt;</declaration>
		<container name="CList" unique="false" ordered="false"/>
		<decoration>
			<class-storage>PTR</class-storage>
		</decoration>
	</type>
	<!--
		Defines rule for "degradation" of container kinds, used to find best matching container in absence of exact match.
		Possible container kinds are :
		- "OrderedMap"
		- "UnorderedMap"
		- "OrderedMultiMap"
		- "UnorderedMultiMap"
		- "OrderedSet"
		- "UnorderedSet"
		- "OrderedCollection"
		- "UnorderedCollection"
	-->
	<container-mapping>
		<OrderedMap>
			<containerref name="map" />
		</OrderedMap>
		<UnorderedMap>
			<degradedKind>OrderedMap</degradedKind>
		</UnorderedMap>
		<OrderedMultiMap>
			<degradedKind>OrderedCollection</degradedKind>
		</OrderedMultiMap>
		<UnorderedMultiMap>
			<degradedKind>OrderedMultiMap</degradedKind>
		</UnorderedMultiMap>
		<OrderedSet>
			<degradedKind>OrderedCollection</degradedKind>
		</OrderedSet>
		<UnorderedSet>
			<degradedKind>OrderedSet</degradedKind>
		</UnorderedSet>
		<OrderedCollection>
			<containerref name="vector" />
		</OrderedCollection>
		<UnorderedCollection>
			<containerref name="list" />
		</UnorderedCollection>
	</container-mapping>
</type-library>
