<?xml version="1.0" encoding="utf-8"?>
<!-- Created with Liquid XML Studio 6.1.18.0 - FREE Community Edition (http://www.liquid-technologies.com) -->
<type-library xmlns:xsi="http://www.w3.org/2001/XMLSchema-instance" xsi:noNamespaceSchemaLocation="type_library.xsd" id="CLI">
	<!-- Define rules for simple type matching. -->
	<type name="boolean">
		<declaration>bool</declaration>
		<decoration>
			<parameter-passing>VALUE</parameter-passing>
			<return-passing>VALUE</return-passing>
		</decoration>
	</type>
	<type name="byte">
		<declaration>unsigned char</declaration>
		<decoration>
			<parameter-passing>VALUE</parameter-passing>
			<return-passing>VALUE</return-passing>
		</decoration>
	</type>
	<type name="char">
		<declaration>char</declaration>
		<decoration>
			<parameter-passing>VALUE</parameter-passing>
			<return-passing>VALUE</return-passing>
		</decoration>
	</type>
	<type name="double">
		<declaration>double</declaration>
		<decoration>
			<parameter-passing>VALUE</parameter-passing>
			<return-passing>VALUE</return-passing>
		</decoration>
	</type>
	<type name="float">
		<declaration>float</declaration>
		<decoration>
			<parameter-passing>VALUE</parameter-passing>
			<return-passing>VALUE</return-passing>
		</decoration>
	</type>
	<type name="integer">
		<declaration>int</declaration>
		<decoration>
			<parameter-passing>VALUE</parameter-passing>
			<return-passing>VALUE</return-passing>
		</decoration>
	</type>
	<type name="long">
		<declaration>long</declaration>
		<decoration>
			<parameter-passing>VALUE</parameter-passing>
			<return-passing>VALUE</return-passing>
		</decoration>
	</type>
	<type name="short">
		<declaration>short</declaration>
		<decoration>
			<parameter-passing>VALUE</parameter-passing>
			<return-passing>VALUE</return-passing>
		</decoration>
	</type>
	<type name="string">
		<declaration>System::String</declaration>
		<decoration>
			<parameter-passing>REF</parameter-passing>
			<return-passing>VALUE</return-passing>
		</decoration>
	</type>
	<type name="undefined">
		<declaration>void*</declaration>
		<decoration>
			<parameter-passing>VALUE</parameter-passing>
			<return-passing>VALUE</return-passing>
		</decoration>
	</type>
	<!-- Define rules for container type matching, according to the container kind. -->
	<type name="dictionary" >
		<declaration>$containerTypeName&lt;$keyTypeName,$valueTypeName&gt;</declaration>
		<container name="System::Collections::Generic::Dictionary" unique="false" ordered="false" />
		<decoration>
			<cli-class-storage>CLIPTR</cli-class-storage>
		</decoration>
	</type>
	<type name="sorteddictionary" >
		<declaration>$containerTypeName&lt;$keyTypeName,$valueTypeName&gt;</declaration>
		<container name="System::Collections::Generic::SortedDictionary" unique="false" ordered="true" />
		<decoration>
			<cli-class-storage>CLIPTR</cli-class-storage>
		</decoration>
	</type>
	<type name="linkedlist">
		<declaration>$containerTypeName&lt;$valueTypeName&gt;</declaration>
		<container name="System::Collections::Generic::LinkedList" unique="false" ordered="true"/>
		<decoration>
			<cli-class-storage>CLIPTR</cli-class-storage>
		</decoration>
	</type> 
	<type name="list">
		<declaration>$containerTypeName&lt;$valueTypeName&gt;</declaration>
		<container name="System::Collections::Generic::List" unique="false" ordered="false"/>
		<decoration>
			<cli-class-storage>CLIPTR</cli-class-storage>
		</decoration>
	</type>
	<type name="sortedlist">
		<declaration>$containerTypeName&lt;$valueTypeName&gt;</declaration>
		<container name="System::Collections::Generic::SortedList" unique="false" ordered="true"/>
		<decoration>
			<cli-class-storage>CLIPTR</cli-class-storage>
		</decoration>
	</type>
	<type name="stack">
		<declaration>$containerTypeName&lt;$valueTypeName&gt;</declaration>
		<container name="System::Collections::Generic::Stack" unique="false" ordered="true"/>
		<decoration>
			<cli-class-storage>CLIPTR</cli-class-storage>
		</decoration>
	</type>
	<type name="queue">
		<declaration>$containerTypeName&lt;$valueTypeName&gt;</declaration>
		<container name="System::Collections::Generic::Queue" unique="false" ordered="true"/>
		<decoration>
			<cli-class-storage>CLIPTR</cli-class-storage>
		</decoration>
	</type> 
	<type name="synchronizedcollection">
		<declaration>$containerTypeName&lt;$valueTypeName&gt;</declaration>
		<container name="System::Collections::Generic::SynchronizedCollection" unique="false" ordered="true"/>
		<decoration>
			<cli-class-storage>CLIPTR</cli-class-storage>
		</decoration>
	</type>
	<!--
		Defines rule for "degradation" of container kinds, used to find best matching container in absence of exact match.
		Possible container kinds are :
		- "OrderedMap"
		- "UnorderedMap"
		- "OrderedMultiMap"
		- "UnorderedMultiMap"
		- "OrderedSet"
		- "UnorderedSet"
		- "OrderedCollection"
		- "UnorderedCollection"
	-->
	<container-mapping>
		<OrderedMap>
			<containerref name="sorteddictionary" />
		</OrderedMap>
		<UnorderedMap>
			<containerref name="dictionary" />
		</UnorderedMap>
		<OrderedMultiMap>
			<!-- No ordered multimap defined -->
			<degradedKind>OrderedMap</degradedKind>
		</OrderedMultiMap>
		<UnorderedMultiMap>
			<!-- No unordered multimap defined -->
			<degradedKind>UnorderedMap</degradedKind>
		</UnorderedMultiMap>
		<OrderedSet>
		  <!-- No ordered set defined -->
			<degradedKind>OrderedCollection</degradedKind>
		</OrderedSet>
		<UnorderedSet>
		  <!-- No unordered set defined -->
			<degradedKind>UnorderedCollection</degradedKind>
		</UnorderedSet>
		<OrderedCollection>
		  <containerref name="sortedlist" />
			<containerref name="linkedlist" />
			<containerref name="queue" />
			<containerref name="stack" />
		</OrderedCollection>
		<UnorderedCollection>
			<containerref name="list" />
		</UnorderedCollection>
	</container-mapping>
</type-library>
