<?xml version="1.0" encoding="utf-8"?>
<!-- Created with Liquid XML Studio 6.1.18.0 - FREE Community Edition (http://www.liquid-technologies.com) -->

<!-- 
 Types have been divided into several categories:
 - basicTypes (integer, String...)
 - primitiveTypes (DataTypes, Class with primitive flag)
 - classTypes

 Exceptions can be added for each type category by adding a "name" attribute.
 Ex: <basicType name="string">

 Possible cardinalities, according to multiplicities:
     0 - 1 -> OptionalSimple		 
     1 - 1 -> MandatorySimple
     0 - * -> OptionalMultiple
     n - * -> MandatoryMultiple
     n - m -> Finite
     
 Please see automatic guessing documentation for further information.
-->
<type-guessing xmlns:xsi="http://www.w3.org/2001/XMLSchema-instance" xsi:noNamespaceSchemaLocation="type_guessing.xsd">
<!-- Attributes -->
  <attribute>
		<basicType>
			<OptionalSimple>
				<container>false</container>
				<pointer>PTR</pointer>
			</OptionalSimple>
			<MandatorySimple>
				<container>false</container>
				<pointer />
			</MandatorySimple>
			<OptionalMultiple>
				<container>true</container>
				<pointer/>
			</OptionalMultiple>
			<MandatoryMultiple>
				<container>true</container>
				<pointer/>
			</MandatoryMultiple>
			<Finite>
				<container>true</container>
				<pointer/>
			</Finite>
		</basicType>
		<basicType name="string">
			<OptionalSimple>
				<container>false</container>
				<pointer>PTR</pointer>
			</OptionalSimple>
			<MandatorySimple>
				<container>false</container>
				<pointer/>
			</MandatorySimple>
			<OptionalMultiple>
				<container>true</container>
				<pointer/>
			</OptionalMultiple>
			<MandatoryMultiple>
				<container>true</container>
				<pointer/>
			</MandatoryMultiple>
			<Finite>
				<container>true</container>
				<pointer/>
			</Finite>
		</basicType>
		<primitiveType>
			<OptionalSimple>
				<container>false</container>
				<pointer>PTR</pointer>
			</OptionalSimple>
			<MandatorySimple>
				<container>false</container>
				<pointer/>
			</MandatorySimple>
			<OptionalMultiple>
				<container>true</container>
				<pointer/>
			</OptionalMultiple>
			<MandatoryMultiple>
				<container>true</container>
				<pointer/>
			</MandatoryMultiple>
			<Finite>
				<container>true</container>
				<pointer/>
			</Finite>
		</primitiveType>
		<classType>
			<OptionalSimple>
				<container>false</container>
				<pointer>PTR</pointer>
			</OptionalSimple>
			<MandatorySimple>
				<container>false</container>
				<pointer/>
			</MandatorySimple>
			<OptionalMultiple>
				<container>true</container>
				<pointer/>
			</OptionalMultiple>
			<MandatoryMultiple>
				<container>true</container>
				<pointer/>
			</MandatoryMultiple>
			<Finite>
				<container>true</container>
				<pointer/>
			</Finite>
		</classType>
	</attribute>
<!-- AssociationEnds -->
	<association-end>
		<basicType>
			<OptionalSimple>
				<container>false</container>
				<pointer>PTR</pointer>
			</OptionalSimple>
			<MandatorySimple>
				<container>false</container>
				<pointer>PTR</pointer>
			</MandatorySimple>
			<OptionalMultiple>
				<container>true</container>
				<pointer/>
			</OptionalMultiple>
			<MandatoryMultiple>
				<container>true</container>
				<pointer/>
			</MandatoryMultiple>
			<Finite>
				<container>true</container>
				<pointer/>
			</Finite>
		</basicType>
		<basicType name="string">
			<OptionalSimple>
				<container>false</container>
				<pointer>PTR</pointer>
			</OptionalSimple>
			<MandatorySimple>
				<container>false</container>
				<pointer>PTR</pointer>
			</MandatorySimple>
			<OptionalMultiple>
				<container>true</container>
				<pointer/>
			</OptionalMultiple>
			<MandatoryMultiple>
				<container>true</container>
				<pointer/>
			</MandatoryMultiple>
			<Finite>
				<container>true</container>
				<pointer/>
			</Finite>
		</basicType>
		<primitiveType>
			<OptionalSimple>
				<container>false</container>
				<pointer>PTR</pointer>
			</OptionalSimple>
			<MandatorySimple>
				<container>false</container>
				<pointer>PTR</pointer>
			</MandatorySimple>
			<OptionalMultiple>
				<container>true</container>
				<pointer/>
			</OptionalMultiple>
			<MandatoryMultiple>
				<container>true</container>
				<pointer/>
			</MandatoryMultiple>
			<Finite>
				<container>true</container>
				<pointer/>
			</Finite>
		</primitiveType>
		<classType>
			<OptionalSimple>
				<container>false</container>
				<pointer>PTR</pointer>
			</OptionalSimple>
			<MandatorySimple>
				<container>false</container>
				<pointer>PTR</pointer>
			</MandatorySimple>
			<OptionalMultiple>
				<container>true</container>
				<pointer/>
			</OptionalMultiple>
			<MandatoryMultiple>
				<container>true</container>
				<pointer/>
			</MandatoryMultiple>
			<Finite>
				<container>true</container>
				<pointer/>
			</Finite>
		</classType>
	</association-end>
<!-- In Parameters -->
	<in-parameter>
		<basicType>
			<OptionalSimple>
				<container>false</container>
				<pointer>PTR</pointer>
			</OptionalSimple>
			<MandatorySimple>
				<container>false</container>
				<pointer />
			</MandatorySimple>
			<OptionalMultiple>
				<container>true</container>
				<pointer>REF</pointer>
			</OptionalMultiple>
			<MandatoryMultiple>
				<container>true</container>
				<pointer>REF</pointer>
			</MandatoryMultiple>
			<Finite>
				<container>true</container>
				<pointer>REF</pointer>
			</Finite>
		</basicType>
		<basicType name="string">
			<OptionalSimple>
				<container>false</container>
				<pointer>PTR</pointer>
			</OptionalSimple>
			<MandatorySimple>
				<container>false</container>
				<pointer>REF</pointer>
			</MandatorySimple>
			<OptionalMultiple>
				<container>true</container>
				<pointer>REF</pointer>
			</OptionalMultiple>
			<MandatoryMultiple>
				<container>true</container>
				<pointer>REF</pointer>
			</MandatoryMultiple>
			<Finite>
				<container>true</container>
				<pointer>REF</pointer>
			</Finite>
		</basicType>
		<primitiveType>
			<OptionalSimple>
				<container>false</container>
				<pointer>PTR</pointer>
			</OptionalSimple>
			<MandatorySimple>
				<container>false</container>
				<pointer />
			</MandatorySimple>
			<OptionalMultiple>
				<container>true</container>
				<pointer>REF</pointer>
			</OptionalMultiple>
			<MandatoryMultiple>
				<container>true</container>
				<pointer>REF</pointer>
			</MandatoryMultiple>
			<Finite>
				<container>true</container>
				<pointer>REF</pointer>
			</Finite>
		</primitiveType>
		<classType>
			<OptionalSimple>
				<container>false</container>
				<pointer>PTR</pointer>
			</OptionalSimple>
			<MandatorySimple>
				<container>false</container>
				<pointer>REF</pointer>
			</MandatorySimple>
			<OptionalMultiple>
				<container>true</container>
				<pointer>REF</pointer>
			</OptionalMultiple>
			<MandatoryMultiple>
				<container>true</container>
				<pointer>REF</pointer>
			</MandatoryMultiple>
			<Finite>
				<container>true</container>
				<pointer>REF</pointer>
			</Finite>
		</classType>
	</in-parameter>
<!-- In/Out Parameters -->
	<inout-parameter>
		<basicType>
			<OptionalSimple>
				<container>false</container>
				<pointer>PTR</pointer>
			</OptionalSimple>
			<MandatorySimple>
				<container>false</container>
				<pointer>REF</pointer>
			</MandatorySimple>
			<OptionalMultiple>
				<container>true</container>
				<pointer>REF</pointer>
			</OptionalMultiple>
			<MandatoryMultiple>
				<container>true</container>
				<pointer>REF</pointer>
			</MandatoryMultiple>
			<Finite>
				<container>true</container>
				<pointer>REF</pointer>
			</Finite>
		</basicType>
		<basicType name="string">
			<OptionalSimple>
				<container>false</container>
				<pointer>PTR</pointer>
			</OptionalSimple>
			<MandatorySimple>
				<container>false</container>
				<pointer>REF</pointer>
			</MandatorySimple>
			<OptionalMultiple>
				<container>true</container>
				<pointer>REF</pointer>
			</OptionalMultiple>
			<MandatoryMultiple>
				<container>true</container>
				<pointer>REF</pointer>
			</MandatoryMultiple>
			<Finite>
				<container>true</container>
				<pointer>REF</pointer>
			</Finite>
		</basicType>
		<primitiveType>
			<OptionalSimple>
				<container>false</container>
				<pointer>PTR</pointer>
			</OptionalSimple>
			<MandatorySimple>
				<container>false</container>
				<pointer>REF</pointer>
			</MandatorySimple>
			<OptionalMultiple>
				<container>true</container>
				<pointer>REF</pointer>
			</OptionalMultiple>
			<MandatoryMultiple>
				<container>true</container>
				<pointer>REF</pointer>
			</MandatoryMultiple>
			<Finite>
				<container>true</container>
				<pointer>REF</pointer>
			</Finite>
		</primitiveType>
		<classType>
			<OptionalSimple>
				<container>false</container>
				<pointer>PTR</pointer>
			</OptionalSimple>
			<MandatorySimple>
				<container>false</container>
				<pointer>REF</pointer>
			</MandatorySimple>
			<OptionalMultiple>
				<container>true</container>
				<pointer>REF</pointer>
			</OptionalMultiple>
			<MandatoryMultiple>
				<container>true</container>
				<pointer>REF</pointer>
			</MandatoryMultiple>
			<Finite>
				<container>true</container>
				<pointer>REF</pointer>
			</Finite>
		</classType>
	</inout-parameter>
<!-- Return Parameters -->
	<return-parameter>
		<basicType>
			<OptionalSimple>
				<container>false</container>
				<pointer>PTR</pointer>
			</OptionalSimple>
			<MandatorySimple>
				<container>false</container>
				<pointer />
			</MandatorySimple>
			<OptionalMultiple>
				<container>false</container>
				<pointer>PTR</pointer>
			</OptionalMultiple>
			<MandatoryMultiple>
				<container>false</container>
				<pointer>PTR</pointer>
			</MandatoryMultiple>
			<Finite>
				<container>false</container>
				<pointer>PTR</pointer>
			</Finite>
		</basicType>
		<basicType name="string">
			<OptionalSimple>
				<container>false</container>
				<pointer>PTR</pointer>
			</OptionalSimple>
			<MandatorySimple>
				<container>false</container>
				<pointer>REF</pointer>
			</MandatorySimple>
			<OptionalMultiple>
				<container>false</container>
				<pointer>PTR</pointer>
			</OptionalMultiple>
			<MandatoryMultiple>
				<container>false</container>
				<pointer>PTR</pointer>
			</MandatoryMultiple>
			<Finite>
				<container>false</container>
				<pointer>PTR</pointer>
			</Finite>
		</basicType>
		<primitiveType>
			<OptionalSimple>
				<container>false</container>
				<pointer>PTR</pointer>
			</OptionalSimple>
			<MandatorySimple>
				<container>false</container>
				<pointer />
			</MandatorySimple>
			<OptionalMultiple>
				<container>false</container>
				<pointer>PTR</pointer>
			</OptionalMultiple>
			<MandatoryMultiple>
				<container>false</container>
				<pointer>PTR</pointer>
			</MandatoryMultiple>
			<Finite>
				<container>false</container>
				<pointer>PTR</pointer>
			</Finite>
		</primitiveType>
		<classType>
			<OptionalSimple>
				<container>false</container>
				<pointer>PTR</pointer>
			</OptionalSimple>
			<MandatorySimple>
				<container>false</container>
				<pointer>REF</pointer>
			</MandatorySimple>
			<OptionalMultiple>
				<container>false</container>
				<pointer>PTR</pointer>
			</OptionalMultiple>
			<MandatoryMultiple>
				<container>false</container>
				<pointer>PTR</pointer>
			</MandatoryMultiple>
			<Finite>
				<container>false</container>
				<pointer>PTR</pointer>
			</Finite>
		</classType>
	</return-parameter>
</type-guessing>
